index,2023-01-01,2023-01-02,2023-01-03,2023-01-04,2023-01-05,2023-01-06,2023-01-07,2023-01-08,2023-01-09,2023-01-10,2023-01-11,2023-01-12,2023-01-13,2023-01-14,2023-01-15,2023-01-16,2023-01-17,2023-01-18,2023-01-19,2023-01-20,2023-01-21,2023-01-22,2023-01-23,2023-01-24,2023-01-25,2023-01-26,2023-01-27,2023-01-28,2023-01-29,2023-01-30,2023-01-31,2023-02-01,2023-02-02,2023-02-03,2023-02-04,2023-02-05,2023-02-06,2023-02-07,2023-02-08,2023-02-09,2023-02-10,2023-02-11,2023-02-12,2023-02-13,2023-02-14,2023-02-15,2023-02-16,2023-02-17,2023-02-18,2023-02-19,2023-02-20,2023-02-21,2023-02-22,2023-02-23,2023-02-24,2023-02-25,2023-02-26,2023-02-27,2023-02-28,2023-03-01,2023-03-02,2023-03-03,2023-03-04,2023-03-05,2023-03-06,2023-03-07,2023-03-08,2023-03-09,2023-03-10,2023-03-11,2023-03-12,2023-03-13,2023-03-14,2023-03-15,2023-03-16,2023-03-17,2023-03-18,2023-03-19,2023-03-20,2023-03-21,2023-03-22,2023-03-23,2023-03-24,2023-03-25,2023-03-26,2023-03-27,2023-03-28,2023-03-29,2023-03-30,2023-03-31,2023-04-01,2023-04-02,2023-04-03,2023-04-04,2023-04-05,2023-04-06,2023-04-07,2023-04-08,2023-04-09,2023-04-10,2023-04-11,2023-04-12,2023-04-13,2023-04-14,2023-04-15,2023-04-16,2023-04-17,2023-04-18,2023-04-19,2023-04-20,2023-04-21,2023-04-22,2023-04-23,2023-04-24,2023-04-25,2023-04-26,2023-04-27,2023-04-28,2023-04-29,2023-04-30,2023-05-01,2023-05-02,2023-05-03,2023-05-04,2023-05-05,2023-05-06,2023-05-07,2023-05-08,2023-05-09,2023-05-10,2023-05-11,2023-05-12,2023-05-13,2023-05-14,2023-05-15,2023-05-16,2023-05-17,2023-05-18,2023-05-19,2023-05-20,2023-05-21,2023-05-22,2023-05-23,2023-05-24,2023-05-25,2023-05-26,2023-05-27,2023-05-28,2023-05-29,2023-05-30,2023-05-31,2023-06-01,2023-06-02,2023-06-03,2023-06-04,2023-06-05,2023-06-06,2023-06-07,2023-06-08,2023-06-09,2023-06-10,2023-06-11,2023-06-12,2023-06-13,2023-06-14,2023-06-15,2023-06-16,2023-06-17,2023-06-18,2023-06-19,2023-06-20,2023-06-21,2023-06-22,2023-06-23,2023-06-24,2023-06-25,2023-06-26,2023-06-27,2023-06-28,2023-06-29,2023-06-30,2023-07-01,2023-07-02,2023-07-03,2023-07-04,2023-07-05,2023-07-06,2023-07-07,2023-07-08,2023-07-09,2023-07-10,2023-07-11,2023-07-12,2023-07-13,2023-07-14,2023-07-15,2023-07-16,2023-07-17,2023-07-18,2023-07-19,2023-07-20,2023-07-21,2023-07-22,2023-07-23,2023-07-24,2023-07-25,2023-07-26,2023-07-27,2023-07-28,2023-07-29,2023-07-30,2023-07-31,2023-08-01,2023-08-02,2023-08-03,2023-08-04,2023-08-05,2023-08-06,2023-08-07,2023-08-08,2023-08-09,2023-08-10,2023-08-11,2023-08-12,2023-08-13,2023-08-14,2023-08-15,2023-08-16,2023-08-17,2023-08-18,2023-08-19,2023-08-20,2023-08-21,2023-08-22,2023-08-23,2023-08-24,2023-08-25,2023-08-26,2023-08-27,2023-08-28,2023-08-29,2023-08-30,2023-08-31,2023-09-01,2023-09-02,2023-09-03,2023-09-04,2023-09-05,2023-09-06,2023-09-07,2023-09-08,2023-09-09,2023-09-10,2023-09-11,2023-09-12,2023-09-13,2023-09-14,2023-09-15,2023-09-16,2023-09-17,2023-09-18,2023-09-19,2023-09-20,2023-09-21,2023-09-22,2023-09-23,2023-09-24,2023-09-25,2023-09-26,2023-09-27,2023-09-28,2023-09-29,2023-09-30,2023-10-01,2023-10-02,2023-10-03,2023-10-04,2023-10-05,2023-10-06,2023-10-07,2023-10-08,2023-10-09,2023-10-10,2023-10-11,2023-10-12,2023-10-13,2023-10-14,2023-10-15,2023-10-16,2023-10-17,2023-10-18,2023-10-19,2023-10-20,2023-10-21,2023-10-22,2023-10-23,2023-10-24,2023-10-25,2023-10-26,2023-10-27,2023-10-28,2023-10-29,2023-10-30,2023-10-31,2023-11-01,2023-11-02,2023-11-03,2023-11-04,2023-11-05,2023-11-06,2023-11-07,2023-11-08,2023-11-09,2023-11-10,2023-11-11,2023-11-12,2023-11-13,2023-11-14,2023-11-15,2023-11-16,2023-11-17,2023-11-18,2023-11-19,2023-11-20,2023-11-21,2023-11-22,2023-11-23,2023-11-24,2023-11-25,2023-11-26,2023-11-27,2023-11-28,2023-11-29,2023-11-30,2023-12-01,2023-12-02,2023-12-03,2023-12-04,2023-12-05,2023-12-06,2023-12-07,2023-12-08,2023-12-09,2023-12-10,2023-12-11,2023-12-12,2023-12-13,2023-12-14,2023-12-15,2023-12-16,2023-12-17,2023-12-18,2023-12-19,2023-12-20,2023-12-21,2023-12-22,2023-12-23,2023-12-24,2023-12-25,2023-12-26,2023-12-27,2023-12-28,2023-12-29,2023-12-30,2023-12-31
0,1.38,51.669998,73.93,78.839996,28.15,101.099998,69.93,9.3,64.379997,96.709999,27.73,5.55,21.870001,44.240002,27.23,36.130001,42.939999,38.740002,83.080002,144.5,140.059998,79.169998,149.0,160.050003,120.25,50.16,81.910004,135.0,29.32,5.76,25.200001,67.550003,67.769997,100.269997,72.389999,104.440002,143.729996,142.119995,155.149994,10.01,17.870001,32.560001,125.489998,14.7,132.320007,130.949997,86.480003,39.23,24.93,41.040001,45.040001,42.84,128.529999,30.719999,48.07,23.84,33.529999,132.910004,124.82,125.459999,128.570007,130.179993,24.709999,106.25,122.440002,94.260002,71.010002,111.389999,100.68,71.110001,59.939999,39.150002,4.57,56.950001,34.959999,32.619999,93.629997,106.0,114.940002,112.279999,35.380001,4.98,30.48,6.59,39.23,39.950001,28.99,94.800003,80.75,55.73,34.959999,43.48,108.040001,113.68,119.610001,120.0,62.669998,75.169998,119.830002,78.139999,0.72,80.629997,34.02,116.540001,89.989998,59.029999,108.959999,101.099998,61.0,36.169998,41.040001,92.099998,37.509998,68.300003,44.43,39.32,87.019997,90.349998,86.57,26.700001,77.940002,61.48,9.99,94.160004,76.050003,62.91,61.669998,56.68,13.46,0.0,24.33,85.739998,93.550003,94.300003,102.839996,68.330002,-0.13,89.239998,80.230003,68.080002,33.07,67.739998,65.510002,66.860001,56.669998,60.459999,84.730003,81.919998,51.82,68.900002,72.419998,55.490002,79.599998,77.790001,72.510002,70.07,79.269997,90.260002,83.040001,79.730003,20.040001,51.610001,80.690002,83.290001,86.980003,100.620003,115.589996,120.010002,111.010002,88.57,104.190002,104.839996,115.489998,91.790001,102.879997,107.949997,93.300003,69.080002,74.440002,101.720001,96.550003,85.480003,0.01,17.74,20.0,94.559998,36.790001,97.599998,89.970001,101.82,94.300003,105.290001,22.309999,79.0,84.550003,29.15,2.6,39.360001,2.2,97.25,82.900002,94.199997,93.0,65.440002,21.6,62.889999,67.040001,69.620003,78.129997,91.169998,67.809998,39.700001,57.860001,69.620003,3.44,55.619999,92.580002,79.07,-0.25,-6.2,-1.15,41.07,104.769997,97.699997,78.800003,84.5,92.160004,88.199997,97.949997,100.059998,43.849998,105.169998,98.709999,103.470001,109.900002,118.050003,95.709999,101.910004,96.910004,85.0,95.040001,96.360001,91.43,93.290001,100.0,75.760002,93.139999,91.339996,90.529999,89.080002,82.059998,100.010002,103.629997,96.029999,105.870003,97.860001,98.739998,96.400002,92.519997,104.669998,8.64,-1.12,-2.61,0.0,88.050003,97.050003,77.730003,-0.83,104.93,102.519997,1.85,95.550003,0.01,88.599998,93.400002,71.940002,-0.02,-0.06,10.54,-2.48,29.299999,82.440002,99.900002,0.11,0.01,107.139999,-1.53,-2.0,-1.15,108.379997,7.07,2.46,6.02,5.31,18.610001,24.450001,94.540001,52.939999,18.52,95.110001,64.589996,25.34,12.58,79.199997,49.029999,16.969999,11.47,32.060001,6.59,16.98,37.59,37.380001,29.42,51.93,85.889999,85.360001,86.82,35.830002,76.419998,83.25,92.779999,97.379997,44.080002,62.68,95.150002,95.010002,9.6,0.1,25.91,105.769997,94.089996,45.41,95.169998,104.519997,102.519997,102.690002,102.68,92.489998,90.82,94.849998,97.849998,83.260002,85.099998,39.220001,46.25,87.059998,75.260002,76.300003,82.93,38.57,-1.11,8.87,5.32,10.52,42.25,10.6,4.33,29.23,9.48,28.07,31.1,22.75,15.66,19.969999,40.689999
1,0.09,52.860001,73.940002,69.93,27.68,96.730003,96.050003,9.1,60.279999,95.139999,25.17,4.69,16.540001,45.41,24.280001,36.130001,42.150002,38.689999,82.699997,142.440002,140.190002,73.059998,148.399994,145.899994,118.410004,70.059998,91.559998,133.320007,28.370001,4.95,25.58,65.690002,71.349998,93.82,73.040001,103.669998,145.410004,140.309998,150.0,7.66,17.84,30.5,131.789993,13.67,132.160004,130.0,57.720001,32.16,22.98,41.900002,42.75,42.84,125.300003,30.68,44.990002,23.34,35.080002,132.899994,123.830002,124.959999,130.029999,130.589996,86.910004,105.550003,120.300003,85.0,70.07,111.019997,99.059998,73.080002,57.759998,34.57,4.2,56.939999,65.07,31.57,45.07,99.599998,113.059998,111.559998,35.18,4.08,30.290001,3.02,40.119999,40.139999,29.540001,96.410004,78.769997,47.459999,35.52,43.93,103.900002,115.419998,118.25,115.330002,94.870003,75.190002,117.989998,71.900002,1.09,78.709999,50.09,112.800003,50.060001,62.52,110.440002,81.980003,57.580002,36.5,44.34,92.949997,38.049999,37.290001,42.34,38.450001,86.110001,92.68,86.389999,26.35,75.110001,58.130001,17.35,95.260002,76.970001,64.839996,62.049999,59.450001,11.57,0.0,17.67,87.839996,96.139999,85.370003,106.260002,62.040001,-0.14,88.919998,77.029999,65.75,28.07,71.809998,62.119999,67.519997,50.400002,4.09,86.330002,77.870003,48.509998,68.339996,78.099998,57.91,75.559998,75.199997,71.650002,71.139999,82.230003,90.199997,79.900002,76.0,20.08,48.73,79.669998,82.75,86.25,100.379997,112.699997,116.449997,108.860001,89.660004,101.370003,103.93,111.339996,91.279999,100.309998,106.489998,83.709999,65.099998,74.139999,98.080002,96.339996,79.959999,0.0,9.93,19.799999,86.809998,36.990002,89.0,87.059998,95.440002,91.940002,100.68,40.09,75.089996,83.580002,19.950001,0.07,33.009998,0.83,95.050003,80.230003,91.459999,94.360001,33.220001,21.790001,60.700001,66.980003,70.839996,79.199997,85.660004,57.790001,30.299999,56.939999,67.07,5.61,55.470001,90.300003,79.080002,-1.1,-5.92,-1.17,36.84,99.75,95.730003,69.660004,88.370003,89.959999,90.519997,95.139999,97.18,27.799999,105.019997,95.07,103.610001,106.379997,114.580002,95.900002,99.519997,96.0,80.660004,95.040001,94.57,90.809998,93.07,95.900002,75.639999,93.589996,91.080002,92.120003,84.010002,82.099998,100.0,100.790001,93.050003,105.629997,93.760002,100.5,97.639999,91.559998,100.580002,8.41,-1.15,-3.2,-0.01,88.760002,91.720001,74.199997,-1.18,104.580002,102.050003,1.67,85.110001,0.0,80.419998,92.019997,30.639999,-0.07,-0.05,3.53,-2.05,52.23,77.400002,99.519997,0.01,0.0,101.400002,-1.72,-2.5,-1.15,105.5,7.26,1.92,5.67,5.04,15.63,24.290001,89.459999,52.98,18.610001,89.860001,55.0,22.35,11.85,71.959999,60.790001,15.38,10.0,30.0,5.18,16.91,34.669998,35.959999,27.23,49.919998,85.879997,85.25,87.0,34.919998,72.900002,75.449997,87.919998,90.610001,42.220001,59.91,93.139999,95.010002,10.02,0.12,30.02,101.839996,89.900002,40.040001,92.029999,102.199997,99.099998,101.25,99.879997,90.459999,88.470001,93.660004,96.860001,81.43,79.489998,38.299999,46.150002,85.620003,75.519997,76.940002,80.099998,34.470001,-1.11,6.23,2.28,10.09,37.360001,4.92,0.35,29.139999,1.56,24.129999,30.68,15.89,15.48,18.07,40.84
2,0.08,44.16,71.440002,69.260002,27.76,82.339996,87.970001,4.16,39.41,90.360001,22.57,0.1,18.459999,42.25,13.0,38.57,40.799999,38.32,84.919998,142.800003,133.740005,71.449997,147.589996,142.399994,116.660004,100.379997,94.959999,129.470001,28.23,2.03,26.299999,66.82,74.910004,87.830002,121.769997,101.790001,142.089996,139.360001,147.970001,7.33,18.879999,29.15,127.57,12.68,132.119995,130.009995,45.57,32.080002,25.1,41.349998,33.18,44.66,128.529999,32.91,44.970001,23.110001,35.490002,125.029999,124.589996,127.660004,131.470001,128.429993,47.950001,106.839996,121.110001,78.959999,83.32,109.379997,98.839996,80.440002,56.43,30.459999,2.48,56.970001,80.07,29.99,81.699997,99.18,110.18,108.650002,35.23,4.09,31.02,2.06,40.880001,41.57,31.780001,95.129997,77.910004,67.190002,35.189999,45.470001,100.43,116.639999,124.989998,114.849998,99.949997,81.93,118.239998,70.0,6.29,80.199997,71.269997,113.139999,46.099998,65.43,110.0,81.900002,58.580002,39.91,50.689999,91.290001,39.419998,40.439999,42.939999,38.77,85.870003,92.910004,88.160004,26.51,75.029999,58.349998,29.93,95.910004,76.32,65.610001,63.68,62.889999,9.31,0.0,14.56,88.660004,96.540001,86.419998,105.440002,64.32,-0.15,94.379997,84.160004,64.980003,29.23,72.989998,61.73,73.940002,48.700001,1.61,91.25,77.860001,54.220001,76.68,82.239998,64.290001,80.25,80.709999,73.139999,74.260002,86.199997,90.68,82.040001,76.269997,20.43,48.029999,81.93,84.769997,88.269997,100.370003,113.080002,111.07,104.0,93.800003,101.099998,103.769997,107.019997,90.940002,94.330002,101.889999,83.629997,67.860001,74.400002,99.919998,94.75,67.300003,-0.03,9.91,21.67,67.300003,41.360001,86.419998,88.839996,95.790001,93.309998,99.699997,68.32,76.0,93.349998,16.98,0.0,28.9,1.62,93.580002,71.099998,92.599998,89.93,15.78,21.73,60.119999,67.25,65.540001,80.019997,88.970001,51.599998,28.91,57.900002,70.059998,7.2,55.540001,90.239998,75.059998,-1.11,-3.74,-1.18,41.5,102.290001,93.910004,69.0,94.610001,87.669998,90.169998,95.139999,97.349998,14.59,103.010002,97.709999,106.290001,110.199997,121.730003,96.760002,96.120003,99.160004,85.239998,95.050003,96.809998,88.470001,94.080002,96.400002,75.43,93.190002,91.650002,92.480003,87.839996,87.419998,100.849998,96.809998,94.75,106.360001,93.489998,99.290001,99.199997,94.720001,101.699997,8.63,-1.12,-2.67,0.01,90.989998,89.43,78.050003,-1.1,104.57,100.449997,2.07,78.07,0.0,86.889999,95.68,11.51,-0.09,-0.01,2.83,-1.97,71.809998,75.0,97.389999,0.0,0.0,99.900002,-2.21,-4.33,-1.15,105.440002,15.36,2.45,5.41,5.16,18.35,34.099998,90.269997,53.360001,19.93,78.739998,58.73,21.15,11.56,64.800003,60.740002,13.74,5.73,22.01,2.98,16.68,35.580002,35.279999,25.58,28.5,83.209999,83.349998,87.25,34.439999,70.690002,74.68,89.260002,85.959999,37.48,60.029999,88.980003,92.0,10.06,0.34,35.09,99.82,88.82,40.049999,85.879997,100.0,95.879997,98.889999,98.620003,88.120003,87.540001,93.199997,91.809998,79.519997,73.07,39.009998,45.549999,84.419998,73.18,76.800003,76.550003,26.790001,-1.1,4.99,1.58,10.1,33.349998,4.04,1.33,28.629999,1.5,15.87,30.98,15.87,15.43,18.120001,39.959999
3,0.05,50.080002,72.330002,71.75,28.629999,81.93,82.989998,5.58,47.34,95.610001,25.49,2.73,24.82,41.700001,7.98,41.810001,41.619999,42.700001,92.839996,144.979996,131.240005,70.010002,149.880005,153.619995,116.849998,120.889999,109.419998,125.220001,28.620001,9.03,29.24,59.009998,82.230003,84.029999,125.379997,100.989998,140.100006,141.600006,145.970001,11.85,19.32,27.940001,118.459999,16.15,132.320007,126.660004,42.080002,34.669998,24.459999,38.66,29.129999,47.380001,129.529999,40.049999,49.959999,23.280001,35.98,120.07,126.25,130.580002,130.009995,127.779999,25.559999,104.989998,122.410004,78.519997,107.779999,111.220001,99.089996,85.760002,57.060001,33.700001,4.58,54.970001,95.720001,29.549999,58.389999,98.739998,104.620003,110.0,35.830002,8.79,33.939999,1.78,40.43,43.779999,50.060001,96.82,76.800003,79.269997,35.330002,48.880001,110.07,121.910004,134.460007,124.910004,106.949997,81.949997,117.860001,72.959999,33.16,85.800003,82.5,127.400002,38.009998,65.889999,115.029999,85.040001,61.040001,41.889999,85.099998,95.989998,39.75,84.470001,44.16,44.259998,99.919998,95.849998,100.290001,26.09,79.019997,65.629997,91.089996,106.940002,85.419998,69.349998,64.519997,67.949997,24.969999,0.07,61.32,96.620003,97.230003,95.080002,126.150002,69.150002,-0.14,98.400002,99.330002,65.480003,27.58,86.720001,76.760002,84.330002,50.400002,22.049999,90.0,76.470001,62.040001,85.07,88.919998,66.190002,90.879997,78.639999,72.230003,88.360001,90.550003,97.900002,88.440002,89.059998,20.950001,49.130001,94.849998,90.040001,98.139999,113.959999,117.769997,110.0,102.589996,95.870003,106.690002,107.029999,115.75,94.559998,92.510002,101.93,87.540001,72.470001,92.120003,104.519997,105.339996,53.639999,-0.05,17.969999,24.950001,67.870003,46.790001,90.93,87.279999,96.919998,105.139999,112.739998,76.0,88.510002,99.349998,13.69,-0.43,33.009998,4.82,104.43,69.980003,97.050003,88.0,11.09,22.690001,58.77,67.639999,78.599998,89.529999,87.029999,51.700001,42.16,63.400002,85.739998,24.799999,56.580002,90.540001,84.0,-1.1,-2.32,-1.17,44.130001,106.800003,98.919998,72.019997,110.379997,92.709999,96.540001,102.400002,99.739998,10.4,104.610001,106.220001,112.510002,115.110001,136.279999,103.0,93.629997,98.07,93.349998,98.809998,97.68,91.43,97.199997,96.300003,75.699997,103.379997,95.599998,102.980003,92.089996,93.550003,101.330002,98.720001,104.209999,116.139999,97.919998,104.739998,99.43,92.75,99.160004,9.32,-0.03,-1.26,0.59,91.660004,91.779999,90.730003,-0.08,107.989998,108.620003,3.81,68.110001,0.01,85.449997,99.330002,5.02,-0.06,0.11,3.86,-1.18,77.089996,79.050003,110.709999,0.09,0.01,95.25,-2.08,-2.04,-1.1,113.849998,48.419998,4.21,8.4,5.91,34.32,83.199997,75.849998,53.610001,29.74,91.230003,60.259998,21.950001,17.309999,61.970001,58.939999,15.63,10.05,3.78,4.24,16.940001,40.060001,37.040001,25.610001,22.48,82.709999,84.129997,87.360001,34.259998,74.449997,81.099998,92.730003,82.480003,35.07,64.760002,93.07,92.489998,11.79,1.55,69.989998,97.080002,87.910004,40.099998,84.910004,101.629997,96.07,97.959999,94.620003,88.580002,88.559998,92.82,89.919998,80.0,70.559998,32.369999,46.650002,87.010002,73.019997,78.540001,75.160004,21.889999,-0.72,6.14,4.25,13.65,32.43,5.7,5.64,28.75,0.27,2.03,32.549999,15.84,15.04,18.07,38.139999
4,0.08,70.730003,77.139999,81.730003,17.73,84.029999,83.589996,9.92,68.989998,91.019997,26.6,24.940001,30.32,41.68,4.85,45.59,45.75,52.07,104.959999,150.5,132.059998,62.59,150.320007,156.699997,120.889999,124.0,123.190002,122.82,26.99,26.74,30.360001,73.160004,84.839996,89.019997,127.440002,88.0,148.929993,143.440002,149.100006,16.5,19.66,27.389999,118.889999,19.620001,141.929993,136.529999,106.550003,37.560001,24.91,41.009998,34.130001,52.400002,139.190002,120.07,56.98,23.74,40.060001,139.830002,141.410004,141.350006,135.580002,135.0,27.639999,105.809998,137.440002,85.57,118.230003,113.019997,105.0,96.18,57.0,34.18,26.98,57.23,103.860001,29.65,45.060001,103.360001,116.400002,118.209999,43.48,23.59,39.220001,2.88,41.0,95.010002,130.050003,117.040001,89.93,111.470001,34.360001,50.040001,139.220001,145.350006,165.820007,142.509995,102.940002,112.559998,120.0,80.0,39.099998,108.220001,102.059998,144.740005,39.110001,66.639999,140.820007,127.0,81.910004,56.200001,114.360001,99.82,69.07,114.599998,58.5,60.759998,116.860001,113.769997,100.760002,26.85,69.739998,100.220001,122.510002,125.0,94.019997,74.089996,66.010002,101.620003,29.82,3.34,121.110001,114.18,96.360001,81.330002,151.029999,87.790001,0.01,100.419998,111.0,62.080002,30.74,110.260002,98.660004,108.449997,112.919998,102.419998,82.699997,72.019997,66.300003,97.910004,102.239998,94.709999,118.970001,77.760002,69.07,122.089996,146.399994,127.660004,94.010002,103.739998,26.690001,49.970001,107.43,115.139999,126.93,163.919998,142.899994,110.309998,98.029999,117.970001,129.949997,127.169998,137.619995,115.089996,92.290001,88.660004,124.639999,101.989998,116.029999,121.809998,123.709999,54.27,-0.05,39.939999,46.990002,76.639999,55.139999,94.800003,84.940002,94.68,121.669998,123.550003,88.220001,102.230003,114.0,19.9,-2.07,43.450001,19.639999,126.440002,83.5,88.290001,88.800003,5.08,26.67,60.75,71.769997,83.339996,100.089996,85.699997,47.34,77.209999,90.5,103.610001,47.380001,58.720001,94.699997,75.099998,0.01,-1.17,-0.03,51.220001,143.289993,95.489998,77.690002,130.990005,113.68,119.089996,134.720001,116.440002,12.83,104.720001,138.839996,136.509995,141.110001,164.899994,124.220001,95.480003,99.160004,111.18,121.879997,128.149994,105.410004,112.040001,101.019997,75.889999,127.330002,120.0,122.709999,116.019997,112.889999,103.830002,99.349998,146.610001,153.570007,124.739998,142.149994,138.639999,103.470001,98.970001,17.0,1.81,0.01,1.86,112.620003,98.879997,94.610001,0.01,152.259995,141.759995,7.99,105.269997,0.07,85.07,124.989998,6.31,1.57,2.98,5.6,-1.11,83.510002,96.5,130.0,1.57,15.96,52.650002,-1.16,-1.2,3.9,133.0,126.699997,8.19,9.98,6.88,30.26,135.529999,99.209999,57.220001,35.779999,122.400002,64.82,22.83,25.16,69.769997,66.040001,21.379999,23.280001,3.1,7.8,25.360001,49.919998,45.529999,26.639999,24.969999,85.440002,86.879997,93.260002,36.549999,82.279999,87.029999,100.0,82.480003,37.599998,80.43,98.690002,94.870003,16.42,4.43,74.190002,97.800003,94.089996,78.129997,95.699997,106.300003,102.290001,97.830002,91.720001,94.989998,94.32,95.330002,94.529999,87.040001,73.010002,34.360001,51.009998,89.029999,75.449997,82.57,80.410004,17.35,-0.11,10.07,8.81,17.07,33.150002,13.79,7.81,30.219999,0.07,0.1,33.830002,15.81,1.58,20.15,39.27
5,0.09,104.080002,102.480003,80.110001,62.700001,97.25,90.760002,9.02,107.129997,134.809998,48.540001,36.009998,56.09,45.099998,6.05,66.809998,60.169998,130.389999,118.220001,176.009995,130.470001,61.419998,189.960007,183.610001,125.269997,160.389999,149.699997,128.800003,27.26,28.139999,40.040001,93.970001,112.889999,100.269997,137.339996,87.980003,175.669998,170.539993,175.690002,20.51,25.51,28.200001,108.019997,60.279999,166.220001,161.199997,142.110001,67.550003,26.780001,36.57,38.259998,64.010002,157.490005,153.979996,86.620003,24.42,49.880001,164.229996,162.470001,163.449997,164.990005,162.190002,29.700001,105.940002,159.800003,98.709999,140.679993,137.940002,119.809998,104.239998,59.080002,38.490002,42.599998,112.860001,130.320007,31.41,50.09,100.0,132.509995,129.809998,50.869999,29.27,44.84,4.6,41.75,139.559998,159.919998,144.130005,119.209999,132.119995,42.830002,44.619999,167.539993,180.380005,207.919998,161.630005,106.660004,129.350006,118.900002,77.610001,105.629997,124.870003,115.040001,171.759995,41.169998,95.32,178.679993,140.270004,100.309998,68.040001,132.809998,102.580002,93.779999,130.589996,101.919998,78.120003,142.75,123.82,109.400002,27.98,69.739998,123.339996,130.100006,130.0,101.940002,77.190002,78.410004,116.580002,51.349998,29.389999,148.330002,130.0,94.720001,73.870003,168.789993,77.089996,2.43,94.830002,109.970001,62.459999,27.549999,118.309998,105.389999,124.150002,121.489998,103.059998,82.989998,64.839996,58.709999,117.959999,87.239998,105.629997,125.580002,73.629997,64.769997,113.790001,153.279999,146.490005,93.260002,103.970001,36.139999,46.720001,126.360001,119.529999,136.210007,166.100006,153.740005,108.050003,92.059998,134.130005,145.380005,137.669998,152.720001,128.940002,92.300003,79.370003,129.710007,89.980003,131.5,130.550003,135.639999,55.119999,-0.5,55.299999,64.93,92.589996,61.970001,109.199997,85.260002,91.199997,132.779999,125.389999,115.400002,110.470001,114.0,22.6,-1.1,35.240002,96.949997,124.989998,106.449997,95.0,86.18,2.88,58.099998,94.0,114.220001,98.5,111.120003,87.910004,37.0,72.0,94.18,111.959999,63.0,65.480003,93.029999,68.610001,2.3,-0.13,0.1,54.400002,143.289993,100.0,76.68,142.869995,135.0,146.009995,136.399994,130.910004,21.620001,99.690002,160.929993,150.869995,162.0,165.619995,135.119995,95.900002,96.32,140.509995,147.160004,144.130005,141.509995,128.429993,101.089996,78.010002,144.330002,126.0,141.990005,130.0,133.759995,104.040001,97.25,179.210007,228.990005,139.710007,181.220001,150.869995,110.879997,103.330002,28.33,2.61,2.06,3.99,138.029999,107.199997,94.059998,1.05,288.549988,259.769989,32.98,137.919998,1.24,88.080002,143.490005,35.700001,4.75,4.97,14.44,0.0,100.0,111.800003,201.919998,9.68,23.530001,51.860001,-1.14,-1.17,57.369999,161.779999,166.910004,12.01,18.91,8.52,57.34,173.600006,115.379997,69.639999,64.75,139.399994,74.0,25.01,59.310001,83.540001,78.970001,69.57,61.580002,2.23,7.11,60.169998,85.639999,75.150002,31.6,30.0,86.300003,86.239998,101.18,46.599998,103.080002,99.849998,115.089996,86.190002,41.779999,102.75,120.099998,117.290001,23.639999,16.09,79.809998,99.830002,122.010002,89.339996,102.839996,129.410004,120.830002,98.93,88.860001,106.82,110.730003,106.940002,116.580002,99.690002,76.040001,33.669998,74.589996,107.410004,83.099998,98.480003,95.970001,16.42,-0.01,15.69,14.12,27.09,37.119999,23.02,13.58,31.99,1.48,1.55,36.52,15.85,1.58,22.02,40.009998
6,0.53,140.639999,154.960007,83.330002,85.529999,103.949997,103.209999,16.469999,160.0,154.729996,71.489998,59.98,85.769997,53.400002,10.09,86.629997,70.870003,166.399994,149.619995,208.070007,140.25,64.919998,226.539993,210.080002,163.990005,182.490005,176.100006,118.25,29.18,30.01,86.699997,110.040001,138.929993,107.730003,156.309998,88.0,200.649994,198.029999,196.639999,25.09,91.620003,29.85,116.169998,100.040001,199.990005,185.0,166.5,94.010002,27.98,45.59,47.77,97.029999,173.130005,170.0,100.940002,28.0,61.43,186.660004,177.990005,186.029999,181.110001,187.029999,98.82,108.389999,185.0,99.57,158.529999,158.089996,136.910004,110.089996,65.07,77.709999,69.470001,136.330002,142.350006,33.290001,81.730003,102.449997,148.429993,145.490005,89.610001,38.59,58.59,23.01,43.389999,136.529999,159.919998,152.0,129.300003,137.639999,50.0,50.049999,163.789993,178.529999,179.740005,155.960007,110.510002,130.75,122.980003,69.43,108.260002,136.410004,118.959999,176.110001,50.049999,110.43,200.509995,154.880005,81.900002,70.080002,134.5,99.099998,93.43,131.759995,93.300003,82.230003,132.350006,126.809998,115.639999,31.27,69.720001,130.970001,125.099998,119.900002,83.629997,84.599998,75.870003,108.309998,57.779999,35.549999,167.779999,137.979996,94.470001,75.690002,149.119995,77.010002,3.45,90.290001,106.0,59.759998,20.0,113.419998,101.0,109.660004,101.5,95.0,72.610001,37.700001,29.92,108.639999,75.029999,99.07,96.190002,70.0,50.810001,99.949997,122.540001,114.660004,91.400002,101.440002,39.91,28.440001,124.389999,120.040001,128.0,140.070007,145.589996,101.0,85.0,132.630005,146.789993,144.570007,153.940002,130.869995,90.57,54.0,120.580002,90.529999,127.919998,130.309998,132.919998,76.089996,-2.95,57.66,64.910004,98.349998,64.279999,107.129997,83.769997,86.239998,134.270004,120.949997,120.0,119.099998,103.760002,29.870001,-2.09,43.529999,80.230003,117.809998,52.110001,110.790001,82.93,3.42,58.060001,100.300003,119.940002,104.300003,112.989998,85.790001,27.700001,74.239998,95.730003,98.370003,70.0,88.5,93.190002,67.459999,19.65,-0.58,1.58,60.93,115.07,99.540001,69.93,116.860001,120.580002,129.580002,134.110001,120.080002,39.98,98.989998,137.270004,136.949997,157.410004,163.630005,139.419998,98.300003,94.099998,145.660004,168.779999,139.910004,127.720001,129.429993,100.220001,89.540001,129.919998,118.160004,119.190002,126.0,122.760002,96.089996,93.349998,136.440002,146.979996,137.720001,155.770004,125.07,101.669998,93.82,30.07,2.98,2.9,4.95,135.759995,109.989998,91.220001,1.88,166.979996,175.5,41.189999,130.050003,2.85,82.099998,144.5,10.87,4.96,9.64,18.969999,0.01,102.120003,126.910004,198.630005,15.19,28.469999,51.150002,-1.14,-1.16,65.519997,187.380005,159.139999,18.98,23.92,9.3,52.200001,198.389999,99.870003,105.760002,64.699997,154.550003,89.349998,25.540001,77.139999,107.169998,85.559998,75.010002,61.299999,2.82,11.29,69.5,128.679993,85.93,36.200001,62.75,88.0,86.610001,135.600006,71.82,123.190002,126.900002,127.889999,92.080002,44.189999,128.089996,136.080002,137.350006,30.940001,20.030001,87.080002,105.050003,138.919998,116.419998,135.850006,168.089996,152.970001,104.879997,92.129997,199.029999,187.190002,137.149994,131.220001,107.290001,82.400002,44.700001,91.360001,124.07,107.040001,122.610001,106.949997,16.540001,0.01,21.209999,23.66,38.119999,46.23,32.919998,20.040001,42.959999,1.5,13.2,54.91,16.059999,10.08,25.290001,44.07
7,2.03,145.979996,163.919998,86.269997,93.540001,108.510002,111.860001,27.08,180.0,165.330002,72.709999,65.18,95.599998,53.630001,14.03,154.899994,73.370003,181.5,159.929993,235.059998,152.479996,86.010002,257.920013,251.100006,165.600006,198.949997,195.0,116.940002,30.9,30.790001,115.010002,117.0,169.869995,108.440002,164.190002,106.889999,213.389999,214.160004,216.190002,28.42,127.800003,32.66,141.970001,198.229996,206.979996,188.759995,175.339996,94.010002,29.950001,59.27,54.189999,101.199997,176.339996,178.059998,102.989998,32.889999,99.940002,186.949997,186.039993,186.029999,177.619995,195.389999,100.690002,107.720001,217.089996,105.589996,173.100006,164.139999,140.910004,111.269997,81.760002,79.809998,92.57,148.679993,138.029999,33.560001,81.760002,101.440002,144.940002,143.449997,93.459999,43.889999,76.07,25.35,47.66,97.849998,125.209999,144.169998,110.0,132.190002,58.959999,57.73,128.380005,147.630005,142.160004,129.449997,103.949997,84.059998,112.209999,48.130001,93.800003,131.990005,102.809998,150.880005,50.02,114.68,163.139999,120.68,74.889999,69.919998,106.25,86.0,90.410004,123.279999,57.34,76.599998,105.360001,120.690002,89.690002,30.309999,50.09,119.419998,107.459999,104.419998,65.120003,79.339996,67.599998,97.610001,47.110001,30.25,135.470001,110.580002,89.080002,54.900002,124.809998,73.510002,3.29,80.339996,93.889999,40.040001,2.14,102.309998,91.75,99.010002,61.610001,74.900002,55.060001,0.0,4.03,90.059998,65.760002,78.849998,84.370003,59.970001,18.82,86.410004,94.900002,98.529999,83.779999,89.190002,39.529999,15.9,106.010002,103.120003,103.32,116.0,124.160004,95.599998,78.129997,115.650002,130.940002,126.199997,130.119995,121.650002,81.690002,32.549999,101.519997,77.800003,113.650002,116.389999,123.279999,64.900002,-5.03,41.66,61.990002,82.400002,63.419998,91.790001,76.040001,77.110001,117.949997,105.099998,102.330002,86.959999,85.07,17.41,-5.3,32.009998,22.379999,99.900002,29.82,103.089996,67.050003,0.2,28.9,28.77,95.0,99.120003,107.870003,81.709999,10.61,73.919998,90.669998,88.0,58.900002,60.080002,89.0,61.110001,21.209999,-2.63,2.17,39.0,100.199997,87.5,47.889999,99.07,94.699997,109.510002,115.199997,106.839996,42.32,86.620003,115.129997,115.910004,136.5,131.970001,129.029999,92.639999,94.919998,124.550003,150.839996,124.699997,114.129997,111.300003,94.580002,82.800003,109.360001,97.779999,97.730003,102.68,100.309998,89.769997,89.059998,113.0,123.220001,124.910004,118.019997,104.379997,90.790001,83.160004,14.96,2.92,2.98,3.17,118.309998,104.68,59.360001,2.0,117.75,128.789993,33.5,106.82,3.48,62.73,128.0,4.93,4.11,7.87,12.04,0.05,100.860001,121.43,132.100006,13.12,27.33,48.560001,-1.15,-1.16,63.310001,159.399994,123.410004,18.92,18.92,9.99,52.889999,151.649994,68.769997,115.5,68.419998,152.699997,89.5,24.280001,81.959999,107.790001,87.769997,77.809998,63.0,23.969999,15.58,83.099998,131.570007,101.870003,36.900002,81.639999,92.0,87.620003,148.149994,80.190002,128.589996,129.990005,141.919998,100.209999,47.630001,126.669998,142.589996,148.0,35.5,20.76,93.639999,112.690002,144.990005,127.029999,153.0,219.270004,206.380005,120.339996,97.019997,235.610001,332.0,171.990005,150.0,112.650002,84.93,60.860001,97.980003,149.929993,142.610001,145.300003,121.5,16.67,1.29,24.99,30.940001,45.23,48.959999,39.73,22.459999,51.849998,6.05,39.040001,82.730003,38.200001,15.44,28.809999,48.240002
8,3.1,147.050003,167.070007,85.370003,107.919998,109.919998,112.0,29.08,177.139999,156.570007,69.959999,65.029999,98.230003,56.889999,19.07,161.020004,72.620003,176.559998,155.880005,221.699997,171.660004,120.989998,270.220001,256.429993,154.770004,199.059998,199.190002,117.139999,31.309999,30.379999,112.540001,110.459999,178.199997,107.370003,169.830002,108.269997,200.649994,191.850006,176.0,29.110001,142.759995,35.43,134.970001,100.019997,180.600006,171.220001,166.440002,88.989998,32.639999,85.029999,48.720001,102.040001,164.550003,163.960007,100.360001,34.0,92.870003,160.089996,160.309998,152.899994,141.440002,166.479996,96.889999,107.730003,189.990005,98.449997,163.0,154.639999,136.610001,106.370003,81.720001,42.459999,81.360001,111.629997,117.120003,32.810001,102.650002,102.260002,134.259995,128.529999,78.129997,41.619999,58.799999,28.5,49.619999,92.57,81.089996,130.0,90.660004,124.199997,49.57,51.66,103.800003,118.43,119.599998,114.629997,101.760002,72.580002,100.0,27.450001,39.990002,102.949997,85.980003,129.860001,43.93,111.040001,135.610001,102.919998,65.690002,69.279999,87.839996,74.669998,79.330002,85.019997,44.630001,75.910004,94.639999,113.18,85.370003,26.799999,49.43,112.0,88.970001,90.0,37.349998,77.790001,33.900002,89.629997,33.41,22.049999,126.709999,82.480003,71.349998,25.09,105.580002,71.419998,2.96,72.059998,70.370003,4.33,0.0,86.970001,83.32,85.919998,58.810001,38.540001,16.33,-3.08,3.49,82.370003,55.310001,60.23,72.089996,26.129999,8.22,75.0,86.730003,93.129997,74.639999,72.480003,25.610001,0.01,87.809998,85.080002,87.660004,103.660004,112.199997,85.0,63.360001,104.120003,114.089996,109.940002,116.0,106.269997,57.639999,9.92,87.900002,79.620003,101.889999,105.949997,107.220001,43.790001,-4.24,21.059999,37.150002,62.119999,62.689999,84.0,60.900002,59.75,105.279999,91.57,83.0,48.77,79.709999,4.69,-6.76,10.0,37.0,88.480003,28.59,88.0,59.080002,3.49,63.040001,27.299999,31.25,96.800003,99.540001,75.5,0.06,73.889999,86.029999,79.07,45.450001,53.720001,80.099998,49.09,4.07,-5.24,1.39,43.880001,84.510002,76.25,28.209999,83.669998,79.970001,99.309998,103.07,95.849998,39.490002,73.309998,104.040001,102.400002,119.849998,113.510002,116.669998,85.110001,93.239998,116.580002,131.770004,110.290001,96.870003,102.220001,89.769997,60.299999,92.879997,88.0,88.650002,88.220001,89.860001,78.790001,56.080002,95.160004,112.330002,103.209999,96.82,93.580002,79.0,70.790001,10.88,2.67,2.24,2.25,99.639999,90.75,1.06,1.69,100.410004,102.330002,31.57,92.07,1.5,40.0,105.32,3.31,2.76,7.32,9.87,0.04,86.940002,111.589996,116.199997,8.19,25.790001,46.099998,-1.16,-1.16,59.119999,134.979996,90.019997,15.04,13.88,44.830002,51.470001,128.070007,70.330002,124.470001,70.5,111.389999,87.010002,23.93,77.25,100.290001,69.230003,69.160004,62.52,20.0,24.02,72.839996,109.269997,90.730003,38.240002,80.169998,94.889999,89.75,129.860001,76.510002,121.290001,128.589996,134.75,97.360001,49.860001,118.440002,137.190002,107.699997,35.939999,20.860001,91.739998,117.300003,139.410004,138.080002,146.059998,237.220001,228.110001,128.020004,100.150002,236.490005,250.080002,171.520004,137.699997,118.519997,91.480003,65.779999,98.330002,146.589996,142.610001,149.979996,117.440002,16.15,2.21,23.33,31.57,50.18,38.150002,35.639999,42.080002,53.91,11.02,49.560001,80.559998,38.75,15.68,35.73,44.610001
9,4.43,145.610001,168.570007,75.949997,128.75,110.139999,100.0,35.220001,159.070007,151.020004,68.889999,66.300003,92.580002,66.720001,17.83,150.199997,73.949997,140.0,154.809998,209.770004,170.009995,137.639999,249.940002,238.660004,140.669998,192.380005,195.0,119.029999,34.360001,29.99,108.849998,105.029999,170.089996,100.029999,164.110001,108.540001,185.080002,168.380005,128.0,29.450001,113.93,37.009998,134.619995,100.089996,138.259995,152.520004,150.279999,87.459999,31.77,73.099998,41.959999,101.910004,152.529999,139.899994,98.709999,33.040001,97.339996,148.270004,130.380005,126.690002,124.360001,131.119995,73.940002,105.18,170.259995,97.300003,152.990005,142.360001,131.889999,93.809998,92.0,31.26,73.779999,103.269997,103.199997,32.860001,97.0,100.410004,117.480003,115.0,54.189999,39.77,39.959999,28.43,50.009998,80.93,67.620003,119.0,80.0,119.669998,46.09,49.029999,88.760002,112.019997,115.0,105.099998,100.900002,72.540001,87.0,13.52,31.67,98.790001,79.389999,118.660004,41.400002,107.830002,117.599998,90.510002,56.91,58.869999,69.669998,45.060001,47.669998,83.410004,35.509998,58.860001,90.970001,106.169998,76.510002,6.02,44.25,105.82,82.139999,79.599998,13.26,72.629997,5.09,79.68,28.889999,3.99,115.790001,66.75,30.120001,13.89,99.620003,61.650002,1.63,65.029999,60.560001,0.38,-0.48,73.360001,72.739998,81.0,45.0,4.02,1.48,-10.06,2.3,70.269997,45.299999,57.389999,63.150002,6.23,4.49,70.080002,82.050003,86.599998,68.5,40.48,12.91,-1.68,74.139999,77.269997,78.410004,98.019997,108.989998,69.989998,53.650002,97.269997,105.610001,103.010002,105.150002,98.099998,25.0,0.19,81.400002,78.349998,99.300003,98.599998,100.760002,24.610001,-3.07,17.35,10.08,49.52,60.32,79.120003,46.32,50.48,94.989998,79.150002,50.77,47.59,76.389999,0.02,-13.03,2.22,43.610001,80.739998,27.59,89.550003,46.560001,4.61,58.950001,26.799999,30.6,90.57,93.0,63.75,-0.15,67.349998,70.889999,64.5,34.52,32.419998,75.18,43.849998,1.0,-6.22,1.48,38.459999,73.690002,67.059998,13.99,77.309998,73.980003,94.029999,95.209999,89.050003,23.950001,44.0,94.449997,99.669998,111.75,108.940002,110.610001,80.379997,93.980003,114.860001,116.980003,99.300003,92.0,96.519997,79.900002,43.43,82.07,81.849998,82.099998,82.699997,82.480003,65.529999,18.0,89.169998,101.589996,96.860001,91.589996,89.459999,64.970001,39.810001,10.06,1.5,0.54,1.83,90.93,84.900002,0.85,0.95,95.269997,93.260002,11.96,87.370003,0.04,8.99,92.480003,2.99,1.92,6.89,6.81,1.53,76.510002,105.360001,104.160004,1.05,24.17,34.240002,-1.19,-1.17,31.26,113.669998,76.919998,10.55,11.42,31.1,48.59,109.029999,64.059998,124.610001,74.209999,111.510002,69.790001,23.34,74.029999,92.809998,59.0,60.080002,62.369999,13.95,47.470001,61.919998,96.360001,82.730003,38.23,79.059998,91.279999,88.610001,118.860001,72.620003,112.779999,120.099998,127.910004,96.080002,57.470001,112.18,135.0,78.769997,36.560001,21.639999,89.169998,115.290001,138.0,139.300003,137.009995,224.119995,220.660004,131.020004,104.959999,206.330002,249.889999,154.479996,134.360001,118.75,90.580002,67.349998,93.360001,143.880005,145.850006,149.979996,109.970001,15.59,2.52,21.459999,32.93,66.300003,35.130001,31.040001,42.02,54.990002,12.16,50.189999,75.190002,38.869999,15.52,39.209999,42.25
10,6.06,143.350006,169.490005,81.709999,139.639999,110.650002,88.32,70.190002,160.570007,142.940002,69.290001,66.720001,84.93,65.559998,11.7,150.889999,76.150002,130.360001,138.630005,201.520004,156.940002,124.389999,230.229996,229.960007,133.960007,189.570007,190.0,117.120003,34.0,28.57,101.089996,101.449997,167.210007,102.809998,156.389999,107.07,179.839996,138.419998,123.300003,28.780001,99.480003,38.349998,120.940002,99.059998,139.160004,132.160004,132.940002,57.349998,29.639999,59.900002,34.549999,101.529999,136.990005,119.739998,97.07,32.93,92.940002,132.610001,121.209999,118.470001,116.790001,123.010002,45.009998,106.800003,160.839996,94.260002,144.169998,131.809998,125.099998,81.949997,87.790001,30.860001,60.939999,60.060001,91.510002,32.560001,91.139999,99.18,104.389999,106.669998,36.939999,35.68,34.16,28.15,46.369999,68.260002,49.619999,110.980003,68.669998,103.769997,40.959999,43.200001,80.980003,108.860001,113.360001,104.019997,91.959999,50.099998,81.959999,13.21,30.93,97.220001,76.919998,107.540001,40.549999,104.050003,105.129997,84.040001,29.6,55.82,36.110001,26.200001,35.990002,80.239998,34.900002,38.060001,87.93,102.050003,64.370003,0.93,41.900002,96.129997,75.959999,71.790001,6.1,70.309998,-0.04,75.059998,25.059999,3.1,104.529999,52.869999,15.43,9.73,94.75,51.27,0.48,62.869999,60.91,-0.15,-3.85,63.07,43.880001,80.580002,32.759998,4.05,0.0,-10.03,2.1,64.489998,1.61,37.93,56.060001,2.59,4.06,69.230003,75.82,79.949997,64.220001,38.84,0.08,-3.46,65.029999,56.119999,74.129997,92.239998,107.349998,59.360001,45.790001,93.32,100.120003,95.849998,104.160004,92.889999,14.99,0.89,74.919998,70.709999,101.18,99.989998,98.440002,16.83,-2.5,13.01,1.61,45.830002,56.540001,74.900002,35.689999,45.689999,89.230003,56.380001,29.5,49.389999,73.800003,0.01,-38.389999,0.86,45.919998,76.830002,28.26,80.470001,23.219999,4.04,60.970001,25.129999,29.799999,86.449997,83.349998,58.66,-0.75,65.18,68.870003,52.02,26.49,30.360001,65.010002,33.919998,-0.01,-6.22,0.94,18.25,41.419998,51.639999,6.01,69.93,62.34,89.440002,91.620003,85.010002,16.690001,19.23,75.400002,93.57,102.339996,108.989998,101.949997,67.019997,93.260002,105.07,111.190002,97.739998,90.059998,92.019997,59.549999,21.09,77.650002,72.220001,75.019997,69.349998,75.099998,15.05,8.28,87.669998,96.459999,93.970001,91.25,78.57,54.48,21.209999,9.89,-1.11,0.0,1.75,85.650002,79.889999,-0.03,0.11,91.080002,90.199997,13.76,82.050003,-0.17,-0.05,90.279999,2.98,1.48,5.68,4.96,10.38,70.57,98.989998,94.330002,0.0,25.540001,9.92,-2.6,-1.2,58.950001,105.610001,70.089996,9.84,10.29,20.799999,43.91,102.260002,61.27,117.379997,74.169998,122.389999,69.860001,23.700001,72.32,101.529999,51.400002,59.959999,61.27,15.2,48.459999,56.48,86.18,78.849998,40.970001,78.019997,90.220001,86.669998,100.620003,71.839996,99.839996,116.620003,125.18,95.199997,59.990002,106.0,134.899994,68.599998,37.700001,22.83,87.059998,114.699997,136.940002,138.5,130.369995,225.009995,218.770004,127.379997,105.07,166.089996,202.949997,149.880005,138.169998,118.019997,90.639999,71.400002,90.68,144.279999,146.149994,144.190002,102.75,13.85,3.6,19.98,35.84,60.860001,34.82,29.709999,45.900002,53.919998,11.03,25.040001,74.709999,37.599998,15.88,39.639999,43.419998
11,6.06,144.380005,164.5,80.889999,139.990005,109.910004,87.900002,49.080002,140.559998,140.070007,68.860001,66.599998,76.529999,65.389999,6.93,147.039993,79.959999,122.940002,146.470001,189.259995,147.910004,108.589996,220.949997,217.850006,131.190002,180.529999,183.059998,112.610001,33.889999,29.0,97.699997,99.339996,156.860001,102.0,148.839996,104.980003,168.720001,136.960007,115.610001,27.9,94.93,45.130001,106.199997,99.029999,130.360001,120.790001,118.18,45.990002,27.969999,44.689999,34.799999,102.389999,126.449997,115.209999,95.870003,30.969999,84.440002,135.270004,116.709999,115.559998,115.389999,111.940002,40.919998,106.830002,149.919998,87.57,137.169998,122.0,116.419998,78.660004,80.400002,33.279999,53.259998,53.130001,85.400002,32.509998,84.059998,97.389999,96.790001,101.910004,33.68,35.639999,36.490002,28.040001,43.299999,54.91,64.32,105.599998,50.450001,97.139999,38.619999,26.709999,74.900002,108.120003,113.610001,103.099998,86.769997,48.91,60.009998,9.99,28.940001,94.339996,53.799999,105.800003,40.009998,98.160004,100.919998,76.470001,5.29,51.25,0.09,10.02,10.02,79.129997,24.9,44.560001,87.300003,93.089996,47.759998,-0.08,34.240002,91.989998,77.849998,62.139999,6.0,55.75,-0.15,69.480003,15.17,2.41,58.580002,44.169998,5.65,1.85,90.769997,39.189999,0.05,43.52,57.790001,-0.55,-5.0,62.869999,24.040001,81.629997,9.25,0.97,-2.31,-9.91,1.87,57.360001,-0.02,9.34,42.610001,2.22,3.63,69.190002,72.800003,77.900002,63.84,33.889999,0.0,-5.06,61.009998,50.200001,75.25,90.0,101.400002,48.400002,29.379999,90.059998,95.650002,92.510002,106.790001,86.709999,1.9,0.99,60.200001,65.019997,97.419998,98.239998,86.269997,4.43,-4.21,10.01,1.55,45.0,56.93,66.57,22.459999,36.990002,80.160004,47.529999,18.280001,46.5,69.849998,-0.13,-50.09,0.59,45.91,68.660004,27.040001,77.480003,21.200001,4.07,53.889999,24.91,29.700001,80.010002,80.0,40.48,0.0,59.650002,67.120003,33.080002,21.77,22.93,58.91,12.07,-0.81,-6.78,1.34,18.01,30.190001,24.51,1.1,63.68,30.98,83.220001,89.980003,74.669998,14.39,13.25,67.839996,92.029999,98.860001,107.480003,100.0,46.27,87.599998,100.25,102.849998,95.580002,88.040001,88.900002,43.330002,11.61,72.510002,74.900002,73.129997,65.199997,70.910004,10.66,1.92,86.449997,93.589996,92.830002,89.660004,62.889999,32.439999,4.08,9.55,-1.36,-0.01,1.41,76.489998,27.110001,-2.62,0.01,82.949997,87.339996,7.92,43.959999,-0.27,-1.89,87.919998,2.78,1.24,4.99,2.9,0.22,55.150002,100.599998,69.349998,-0.06,10.71,7.13,-2.62,-1.18,59.529999,75.440002,64.0,9.49,9.93,10.0,29.190001,103.220001,60.310001,115.620003,72.059998,109.800003,67.900002,23.09,71.029999,101.489998,47.639999,58.950001,59.759998,20.0,44.279999,58.049999,83.540001,75.709999,41.830002,70.0,87.940002,88.089996,92.75,73.25,97.360001,122.629997,119.5,94.699997,62.080002,103.0,139.789993,24.99,36.18,25.08,84.82,113.370003,130.759995,135.600006,131.240005,196.169998,205.559998,121.580002,103.68,160.070007,187.850006,149.690002,137.990005,116.660004,91.279999,68.849998,89.309998,146.419998,146.509995,180.429993,94.129997,13.19,2.26,17.389999,52.880001,60.509998,33.529999,27.389999,47.360001,52.720001,15.84,15.89,73.790001,37.450001,32.209999,36.380001,42.77
12,5.68,143.759995,160.910004,79.720001,142.580002,101.089996,91.790001,65.129997,137.669998,139.970001,66.800003,70.849998,71.970001,62.689999,6.04,110.040001,75.110001,120.0,151.160004,181.630005,137.020004,119.980003,219.179993,205.990005,130.850006,180.289993,180.0,80.07,34.950001,28.200001,96.529999,98.529999,152.740005,100.080002,133.369995,103.699997,161.160004,131.630005,114.879997,25.85,89.540001,56.209999,86.559998,86.57,125.410004,121.449997,118.629997,42.119999,27.610001,40.77,34.169998,103.529999,126.080002,127.230003,92.32,30.370001,55.0,132.270004,116.330002,114.120003,113.639999,103.610001,40.599998,105.139999,144.949997,93.860001,135.100006,116.449997,112.839996,60.0,68.959999,33.799999,59.599998,50.77,78.489998,32.299999,80.419998,94.040001,95.230003,99.480003,32.59,36.290001,29.74,28.190001,44.25,42.880001,80.75,101.550003,48.389999,93.050003,33.5,24.629999,71.660004,107.309998,113.220001,104.370003,85.0,75.169998,55.0,1.76,25.68,94.410004,53.720001,106.220001,40.07,94.709999,96.989998,69.919998,0.09,48.049999,0.05,5.62,5.0,78.419998,13.88,41.139999,87.699997,90.190002,42.43,-0.92,29.91,86.18,72.480003,58.57,6.02,50.0,-0.03,62.900002,9.99,1.56,50.630001,37.580002,5.06,0.16,89.419998,20.299999,0.08,29.41,57.93,-0.09,-4.44,66.379997,5.72,75.209999,-0.16,0.0,-1.95,-10.0,1.63,56.48,-0.81,3.01,36.82,1.78,3.05,66.440002,68.910004,76.449997,64.059998,31.73,0.0,-5.09,64.220001,48.5,77.93,90.0,99.309998,40.34,25.0,88.43,94.620003,90.150002,106.459999,79.07,0.31,0.96,53.0,68.120003,95.589996,98.599998,83.150002,0.07,-6.62,11.09,9.91,43.139999,55.830002,64.980003,22.43,44.849998,64.470001,47.389999,19.9,46.5,75.129997,-1.03,-60.040001,0.0,32.759998,62.470001,25.25,74.370003,19.52,8.08,46.0,24.24,44.16,78.330002,75.650002,18.200001,0.01,59.139999,60.0,24.879999,17.98,20.530001,58.040001,11.96,-1.11,-10.01,2.61,16.82,32.209999,6.0,1.51,67.110001,23.540001,79.980003,89.980003,74.760002,12.59,13.84,74.790001,81.389999,97.550003,111.389999,95.580002,40.259998,87.870003,100.589996,100.150002,94.099998,86.260002,89.230003,42.150002,4.94,72.029999,73.940002,75.480003,61.0,72.57,11.68,5.48,89.0,97.080002,92.019997,88.139999,71.190002,34.400002,4.3,8.9,-1.86,0.0,1.32,70.889999,26.27,-1.98,0.01,89.870003,89.220001,6.31,41.599998,-0.72,-0.73,88.169998,2.64,1.33,4.96,2.04,1.0,54.599998,105.5,48.200001,-0.04,11.79,4.42,-2.11,-2.01,64.800003,55.560001,65.870003,9.18,9.84,13.21,31.860001,107.0,60.84,124.470001,69.879997,101.57,73.269997,22.42,72.82,97.57,51.990002,57.939999,57.119999,21.139999,45.23,66.980003,85.910004,76.080002,47.16,52.09,87.800003,89.019997,92.489998,73.290001,101.089996,131.639999,112.0,94.980003,63.900002,113.949997,139.779999,22.799999,36.130001,22.84,83.07,110.019997,128.559998,137.720001,136.130005,190.580002,179.229996,114.580002,102.459999,167.0,188.729996,144.5,138.350006,111.779999,88.690002,69.239998,89.410004,145.839996,108.660004,135.800003,88.300003,12.39,3.92,17.040001,58.200001,60.59,33.849998,26.01,49.25,50.939999,15.84,27.459999,71.879997,22.75,30.76,33.25,43.560001
13,17.709999,148.199997,163.059998,80.220001,149.399994,113.059998,80.510002,62.189999,143.570007,141.919998,69.519997,73.760002,75.360001,66.959999,6.09,137.850006,72.209999,123.660004,155.350006,182.360001,136.580002,151.190002,219.690002,215.279999,130.5,127.959999,181.5,50.27,34.380001,27.790001,96.029999,98.32,161.440002,100.32,134.089996,106.349998,163.899994,144.009995,114.239998,25.24,49.990002,51.34,71.519997,73.18,126.93,121.379997,127.93,35.799999,27.48,41.32,41.52,108.230003,132.779999,110.019997,91.540001,29.48,55.279999,131.509995,116.75,115.139999,117.690002,96.099998,44.939999,106.800003,144.300003,95.07,137.419998,116.190002,114.910004,60.959999,70.0,32.59,65.449997,60.02,80.480003,32.34,87.519997,95.010002,95.169998,96.089996,39.43,41.619999,30.719999,29.52,43.080002,46.02,94.32,104.940002,49.540001,94.720001,36.369999,25.68,78.910004,108.709999,113.220001,104.669998,92.120003,75.199997,56.0,2.21,27.48,94.059998,42.529999,109.300003,40.68,94.260002,92.75,66.470001,2.71,48.080002,10.01,29.23,34.59,82.870003,14.24,37.209999,86.32,89.0,40.529999,1.22,40.200001,80.360001,71.730003,66.889999,6.41,63.16,15.44,60.209999,6.95,1.52,21.58,37.23,6.17,1.78,90.540001,12.29,0.07,43.080002,63.619999,0.0,-3.5,68.25,4.33,85.440002,-0.13,0.07,0.4,-4.91,1.68,62.66,-0.17,13.03,44.900002,1.61,3.0,68.169998,65.480003,79.050003,67.93,31.92,0.0,-5.24,74.139999,63.07,78.459999,92.010002,101.650002,55.110001,48.98,94.230003,101.18,95.529999,106.790001,78.330002,10.0,5.53,55.75,76.080002,95.389999,100.0,76.940002,0.99,-6.09,9.99,39.220001,41.450001,55.0,66.18,41.59,55.150002,61.810001,65.050003,27.309999,46.75,77.699997,-0.1,-48.310001,0.06,21.0,62.240002,26.450001,73.449997,24.030001,4.95,27.030001,24.27,29.82,80.720001,76.099998,19.67,0.05,59.939999,57.150002,21.24,18.26,20.18,65.849998,9.09,-1.14,-11.6,2.21,16.940001,58.009998,6.92,6.92,74.099998,47.540001,90.870003,94.089996,74.160004,24.93,33.810001,87.300003,90.699997,104.629997,116.029999,93.269997,76.260002,89.059998,117.580002,107.639999,96.650002,87.010002,92.019997,29.059999,15.71,79.779999,83.0,82.5,82.0,80.230003,56.599998,20.85,92.529999,99.900002,95.300003,89.699997,84.879997,74.459999,38.700001,9.09,-1.9,0.37,1.58,73.260002,20.790001,-0.03,0.1,98.019997,94.040001,5.83,24.01,-0.88,1.53,90.5,2.58,1.42,5.2,2.87,22.01,70.800003,109.910004,42.27,0.06,28.52,4.24,-1.19,-1.18,116.75,75.650002,66.730003,8.94,9.78,28.030001,51.290001,125.629997,60.25,132.25,97.620003,107.199997,78.139999,22.969999,81.139999,99.949997,64.07,63.650002,49.130001,30.790001,38.150002,77.800003,94.470001,80.57,50.919998,45.0,91.5,93.75,83.919998,79.07,106.269997,143.300003,123.910004,97.059998,66.230003,120.349998,138.369995,22.870001,36.009998,35.049999,90.089996,115.099998,125.589996,144.039993,149.949997,195.0,178.970001,118.519997,105.68,175.039993,199.190002,143.960007,138.080002,112.870003,85.629997,71.389999,92.900002,149.809998,106.940002,149.960007,86.339996,12.71,2.23,17.02,51.59,66.800003,34.369999,29.57,51.610001,49.959999,15.86,26.98,73.639999,22.780001,30.9,42.040001,41.41
14,24.110001,155.339996,167.729996,79.739998,155.199997,122.809998,78.940002,63.490002,151.020004,142.419998,75.910004,92.889999,81.82,73.970001,19.1,141.169998,75.57,140.0,170.330002,192.0,135.899994,153.710007,218.990005,217.979996,118.260002,135.479996,185.0,35.02,32.540001,27.940001,96.150002,98.559998,163.389999,102.0,141.610001,112.709999,170.669998,167.729996,125.389999,25.59,37.43,59.950001,68.550003,111.870003,132.320007,128.710007,134.949997,32.900002,28.32,59.939999,51.09,114.910004,147.279999,110.300003,91.25,29.32,85.040001,132.199997,130.0,119.860001,128.619995,24.57,87.059998,111.550003,145.779999,97.599998,141.080002,116.720001,112.620003,80.650002,74.900002,31.58,59.82,91.650002,84.889999,30.139999,92.080002,98.669998,96.75,95.339996,45.529999,42.900002,29.969999,36.150002,48.349998,49.619999,96.080002,106.199997,46.540001,101.889999,40.57,31.85,82.0,112.730003,116.300003,106.470001,100.809998,75.290001,74.0,2.3,35.330002,100.339996,26.59,105.239998,41.18,96.040001,96.760002,68.269997,37.990002,50.009998,53.849998,38.330002,64.150002,83.830002,20.74,42.419998,88.760002,90.610001,42.470001,14.0,51.959999,84.830002,81.849998,79.019997,21.16,72.849998,56.619999,60.290001,6.33,1.73,26.969999,38.07,27.059999,31.540001,89.190002,41.23,3.27,71.559998,72.150002,1.32,-0.41,70.800003,12.81,93.089996,9.99,9.42,2.26,-5.04,1.54,70.339996,19.67,42.669998,58.27,5.38,5.01,77.0,79.230003,79.709999,71.169998,34.48,13.65,-0.1,84.82,73.379997,83.519997,96.75,108.470001,85.0,75.0,98.169998,105.370003,99.230003,108.190002,77.400002,28.200001,21.65,64.550003,76.360001,97.599998,101.120003,77.360001,12.67,-4.29,17.110001,51.240002,39.220001,51.900002,80.290001,59.310001,72.980003,62.939999,80.309998,39.759998,45.07,77.550003,1.77,-10.1,1.29,29.360001,71.550003,23.940001,73.0,40.759998,12.31,63.73,24.709999,30.950001,91.480003,80.0,49.18,2.62,67.660004,53.700001,29.15,25.940001,20.27,79.730003,12.1,-0.9,-5.69,4.07,17.620001,84.580002,20.4,17.280001,82.5,68.57,94.879997,100.0,95.239998,55.84,78.980003,96.169998,99.949997,117.080002,122.879997,100.82,86.870003,96.330002,116.470001,114.089996,95.739998,89.010002,96.57,54.709999,53.66,89.300003,88.510002,91.440002,88.300003,88.410004,78.800003,79.0,100.18,109.169998,96.019997,94.160004,93.400002,87.440002,78.339996,13.46,-0.08,2.89,53.5,85.269997,28.02,4.49,15.42,104.510002,109.25,99.889999,65.0,-0.01,62.73,106.029999,2.92,2.44,63.759998,2.67,61.59,88.589996,113.019997,68.919998,7.46,65.169998,4.26,-1.02,-1.12,138.960007,119.0,74.900002,8.58,9.94,61.59,57.689999,138.669998,58.740002,90.019997,109.989998,113.160004,87.660004,34.25,88.75,98.459999,67.900002,61.57,17.809999,42.689999,57.18,90.489998,99.010002,80.480003,52.290001,88.010002,102.870003,109.519997,80.129997,86.0,121.209999,158.5,129.990005,97.410004,70.870003,128.75,140.339996,22.82,35.830002,71.449997,95.660004,123.260002,117.449997,150.0,168.0,195.0,202.820007,123.519997,117.830002,209.759995,226.940002,147.529999,138.020004,115.75,83.5,76.389999,95.919998,164.720001,109.400002,188.369995,87.699997,13.77,4.08,18.200001,76.019997,68.309998,34.990002,34.52,53.77,49.57,15.89,26.15,79.949997,40.799999,30.65,56.25,45.57
15,36.540001,162.889999,166.610001,80.82,172.729996,135.619995,79.93,86.290001,161.960007,139.309998,119.199997,96.699997,85.309998,75.910004,27.43,146.139999,76.029999,150.110001,180.330002,200.0,144.220001,171.029999,224.580002,224.580002,133.350006,153.0,188.0,37.93,34.689999,28.309999,96.480003,102.690002,167.279999,107.720001,155.360001,119.970001,181.800003,189.979996,128.100006,25.51,38.450001,88.690002,63.049999,150.229996,152.699997,144.990005,140.960007,33.669998,32.150002,97.290001,49.849998,142.779999,153.190002,109.989998,95.830002,30.780001,98.919998,153.449997,150.710007,132.210007,152.639999,23.969999,106.900002,120.120003,152.0,106.599998,144.470001,118.360001,110.099998,98.019997,85.050003,31.66,78.830002,101.050003,93.290001,45.0,104.43,106.089996,99.459999,98.779999,41.779999,46.009998,38.34,40.610001,77.089996,74.370003,108.589996,128.149994,70.699997,103.290001,48.75,47.549999,100.349998,122.0,135.610001,111.730003,107.739998,104.470001,86.349998,25.540001,53.48,84.150002,84.129997,116.540001,45.790001,100.970001,100.989998,79.160004,56.23,58.939999,67.010002,43.48,100.25,97.610001,32.540001,67.860001,97.82,99.169998,42.759998,70.57,95.120003,92.169998,97.589996,99.459999,77.93,77.959999,68.889999,61.990002,12.74,3.72,58.240002,49.57,75.410004,87.980003,100.050003,59.790001,58.990002,84.589996,87.190002,25.32,2.22,78.699997,61.720001,105.199997,41.0,43.119999,55.080002,-0.06,2.23,87.349998,51.869999,70.269997,76.620003,45.66,29.49,89.800003,87.910004,94.220001,76.099998,39.130001,33.389999,22.24,97.599998,84.629997,98.559998,104.900002,115.040001,101.519997,93.629997,110.080002,118.639999,113.620003,125.769997,90.089996,80.980003,59.279999,81.519997,80.779999,107.080002,112.029999,84.309998,52.400002,-1.07,21.959999,53.759998,47.599998,61.279999,90.0,83.400002,82.400002,80.360001,93.120003,43.82,46.93,97.459999,20.9,-1.12,5.86,96.779999,75.82,27.43,87.400002,70.669998,16.35,77.059998,25.610001,64.099998,107.260002,94.269997,58.66,16.32,75.809998,68.239998,52.560001,40.439999,23.5,99.160004,35.169998,-0.04,-2.68,7.96,44.459999,97.980003,67.580002,72.660004,101.690002,96.019997,110.790001,113.449997,108.120003,77.599998,95.099998,118.669998,108.940002,144.199997,158.970001,122.019997,94.970001,105.620003,150.149994,140.630005,115.330002,99.720001,106.050003,93.449997,94.43,109.580002,103.260002,105.870003,103.139999,107.900002,97.75,100.239998,132.929993,140.410004,104.389999,116.839996,114.669998,108.160004,108.760002,63.630001,0.25,8.92,124.040001,107.0,99.089996,98.029999,125.919998,135.479996,149.910004,132.630005,84.589996,0.11,99.510002,133.270004,4.98,3.18,99.589996,2.83,86.440002,113.239998,129.320007,44.799999,14.13,145.0,3.6,0.0,-0.03,166.830002,139.889999,127.93,9.09,19.24,92.849998,61.220001,154.970001,60.029999,100.900002,139.479996,125.959999,123.32,75.75,98.900002,99.949997,70.879997,62.669998,21.860001,40.0,63.09,108.919998,109.620003,82.769997,127.010002,121.07,115.720001,123.809998,78.669998,88.620003,122.959999,158.240005,137.649994,95.980003,80.980003,139.929993,143.919998,20.940001,35.880001,74.870003,114.910004,134.149994,113.080002,164.009995,200.0,226.0,240.009995,129.789993,125.199997,262.730011,225.729996,164.0,133.869995,113.349998,80.080002,80.300003,105.510002,180.830002,108.660004,188.039993,95.769997,14.17,5.63,20.17,76.889999,71.220001,34.93,41.389999,58.049999,46.450001,34.990002,47.459999,79.769997,41.330002,33.02,69.989998,50.669998
16,46.029999,170.0,170.720001,86.160004,194.699997,150.720001,78.68,118.040001,174.339996,146.339996,128.279999,109.940002,96.900002,73.629997,30.9,129.910004,76.559998,160.690002,173.75,208.220001,173.919998,191.990005,248.899994,250.0,143.809998,186.199997,198.050003,51.049999,36.650002,29.440001,99.980003,109.120003,178.169998,112.400002,170.289993,141.910004,198.940002,222.259995,127.809998,27.0,41.259998,99.970001,100.980003,188.059998,180.809998,158.800003,166.0,37.360001,62.810001,105.150002,57.73,164.850006,161.050003,120.610001,97.43,36.040001,129.899994,170.690002,173.130005,162.740005,166.380005,24.75,140.0,145.139999,162.029999,123.400002,153.009995,135.850006,129.339996,106.449997,100.910004,47.380001,99.910004,108.07,99.529999,81.669998,130.740005,133.169998,129.649994,103.309998,43.099998,49.970001,49.919998,43.580002,106.650002,95.949997,136.869995,145.410004,97.550003,108.370003,53.139999,94.599998,133.770004,147.100006,156.520004,122.269997,126.599998,117.470001,115.199997,38.529999,130.800003,72.559998,128.100006,138.160004,51.779999,115.209999,122.330002,84.910004,61.0,61.580002,120.050003,44.740002,125.739998,117.410004,35.77,70.919998,109.269997,112.93,47.48,106.959999,113.860001,106.709999,121.120003,111.690002,79.360001,81.589996,72.160004,64.839996,22.059999,9.91,98.010002,63.939999,84.68,105.629997,117.839996,59.790001,65.019997,103.080002,103.669998,53.68,41.34,90.0,78.089996,115.059998,57.110001,80.900002,84.849998,50.0,19.200001,97.970001,57.93,71.800003,85.959999,75.0,78.209999,100.760002,98.839996,101.07,90.459999,41.279999,42.389999,81.809998,109.68,101.379997,114.769997,125.389999,135.350006,115.309998,107.230003,137.0,140.0,138.169998,137.300003,104.910004,99.769997,106.540001,94.669998,91.779999,128.919998,131.259995,107.089996,67.879997,0.0,52.5,55.060001,58.93,102.980003,98.639999,107.300003,104.410004,121.970001,114.0,50.060001,55.689999,115.25,54.869999,10.06,9.66,121.620003,94.32,28.85,84.0,85.629997,22.139999,97.68,26.309999,59.02,114.910004,103.589996,79.540001,27.360001,89.68,81.32,69.260002,72.879997,42.419998,107.620003,62.029999,0.78,-1.0,16.99,84.849998,112.779999,92.540001,99.169998,123.870003,108.669998,131.220001,131.919998,124.459999,98.959999,112.0,142.779999,145.179993,225.5,211.779999,142.0,103.760002,119.940002,162.850006,155.850006,139.919998,119.050003,127.150002,110.0,110.029999,138.440002,129.100006,145.830002,133.529999,171.820007,121.300003,121.190002,266.709991,190.529999,124.980003,173.009995,155.210007,133.559998,132.0,60.950001,0.25,54.52,195.889999,136.449997,129.669998,133.899994,200.089996,180.240005,194.929993,184.850006,85.139999,15.9,120.059998,200.009995,16.49,3.94,176.639999,2.83,102.279999,135.669998,189.220001,26.379999,15.51,169.899994,11.51,0.01,0.0,211.059998,159.800003,105.5,8.85,37.16,66.529999,60.27,165.190002,62.060001,107.260002,150.949997,139.820007,145.389999,83.900002,113.190002,161.809998,73.800003,63.099998,44.799999,48.759998,74.949997,133.679993,136.839996,87.519997,131.800003,135.149994,127.980003,138.270004,80.290001,95.199997,127.839996,182.389999,146.320007,105.07,95.019997,147.0,146.970001,20.57,34.799999,76.489998,124.099998,143.809998,121.540001,189.979996,250.0,261.0,269.019989,144.039993,131.720001,206.350006,172.600006,178.070007,128.589996,117.629997,79.040001,80.440002,117.989998,172.059998,113.68,180.630005,92.650002,13.81,11.31,23.34,80.699997,77.75,35.939999,42.950001,68.120003,39.549999,38.779999,52.880001,80.32,46.830002,35.869999,79.919998,50.0
17,55.57,174.740005,168.929993,72.279999,194.669998,142.110001,78.379997,122.610001,182.179993,137.080002,106.480003,116.620003,96.199997,69.510002,27.610001,88.910004,73.459999,155.149994,156.610001,208.399994,178.889999,202.070007,248.070007,250.0,139.520004,150.0,200.699997,45.189999,34.849998,29.620001,99.089996,108.900002,183.119995,113.519997,184.160004,133.630005,213.5,245.600006,102.830002,26.17,31.299999,111.870003,86.529999,221.800003,199.990005,173.520004,166.529999,38.099998,104.190002,106.709999,59.919998,178.130005,170.800003,123.339996,96.540001,60.939999,153.699997,190.009995,193.869995,183.690002,184.910004,25.469999,151.660004,166.669998,184.869995,149.490005,166.889999,147.220001,135.479996,114.529999,119.849998,52.48,104.059998,111.230003,100.989998,81.690002,156.949997,145.0,147.339996,106.239998,45.82,83.470001,50.560001,60.0,117.860001,124.379997,160.979996,149.869995,119.699997,92.5,53.220001,130.0,158.110001,180.0,199.559998,116.370003,138.550003,135.009995,129.970001,44.740002,162.460007,72.529999,151.0,151.690002,54.529999,132.880005,143.610001,84.25,61.0,59.900002,137.199997,43.68,138.139999,131.339996,35.689999,74.610001,128.169998,117.160004,45.34,121.160004,124.639999,130.0,140.080002,118.169998,78.580002,85.07,72.279999,62.810001,20.940001,22.76,143.470001,107.639999,108.449997,116.0,124.980003,59.330002,70.449997,115.529999,116.290001,76.559998,85.489998,108.010002,95.269997,166.470001,59.869999,83.260002,100.379997,62.02,70.57,124.900002,58.759998,87.940002,101.120003,84.959999,98.940002,135.350006,134.169998,138.520004,102.029999,41.650002,42.849998,73.690002,133.039993,111.989998,142.070007,156.320007,161.190002,137.789993,131.100006,170.309998,160.589996,167.5,157.429993,106.720001,129.949997,126.089996,106.800003,104.629997,155.179993,166.25,115.129997,67.269997,4.97,56.599998,63.0,67.379997,119.400002,146.779999,121.0,122.209999,165.490005,141.550003,80.260002,115.629997,140.190002,79.269997,25.91,21.83,168.259995,112.809998,33.200001,124.900002,99.779999,57.220001,106.959999,30.360001,56.689999,116.949997,122.440002,92.279999,45.919998,98.209999,96.050003,83.919998,84.32,100.449997,123.099998,72.610001,2.93,-1.1,17.34,103.459999,140.809998,106.470001,108.169998,177.789993,126.059998,156.100006,150.630005,136.970001,100.120003,128.800003,186.729996,192.830002,276.119995,264.910004,161.259995,123.82,129.130005,174.960007,171.809998,169.009995,148.550003,151.520004,121.790001,125.190002,198.279999,184.869995,189.830002,167.270004,230.0,154.210007,150.600006,524.27002,284.019989,153.5,235.740005,189.869995,181.240005,151.899994,55.049999,0.09,32.470001,274.420013,159.899994,156.190002,157.089996,379.589996,246.820007,214.699997,265.799988,22.940001,159.080002,130.0,245.050003,11.81,2.52,250.279999,1.98,108.910004,162.580002,221.699997,19.530001,15.54,220.990005,2.7,0.0,-0.01,240.0,161.690002,53.049999,8.57,34.880001,60.84,59.200001,155.899994,53.25,66.300003,150.990005,140.539993,92.379997,76.980003,103.769997,172.039993,71.089996,58.279999,16.75,40.0,72.669998,146.259995,144.740005,79.239998,128.580002,135.100006,135.759995,131.639999,80.0,93.290001,129.899994,142.259995,149.600006,107.339996,104.550003,139.979996,142.080002,19.200001,33.57,34.290001,127.099998,149.669998,114.980003,177.0,250.0,249.339996,236.610001,144.960007,132.220001,184.289993,151.289993,165.279999,120.349998,115.75,77.43,85.419998,122.639999,155.0,108.629997,144.399994,84.910004,11.5,13.88,22.459999,70.010002,74.949997,38.48,46.610001,66.449997,27.450001,38.02,52.950001,74.349998,45.900002,34.119999,79.989998,45.349998
18,54.950001,164.460007,160.990005,66.610001,177.979996,119.919998,74.389999,65.620003,157.699997,121.459999,67.989998,98.370003,91.07,62.709999,25.9,80.040001,67.190002,130.339996,151.550003,197.0,140.080002,199.169998,223.190002,231.139999,131.380005,133.919998,193.699997,34.66,31.17,27.540001,95.300003,100.879997,172.179993,108.07,179.960007,131.160004,205.380005,229.0,87.980003,24.17,29.98,108.739998,53.049999,206.600006,192.970001,159.910004,154.649994,36.82,59.98,100.93,55.919998,177.100006,131.929993,111.790001,89.010002,36.029999,156.910004,197.490005,193.779999,178.100006,159.440002,86.940002,143.789993,170.139999,176.809998,129.229996,170.020004,145.039993,133.919998,110.43,117.690002,48.869999,104.040001,109.529999,99.519997,81.650002,169.539993,152.910004,154.139999,97.370003,39.02,96.0,44.799999,77.040001,80.760002,102.190002,161.0,132.279999,116.5,48.080002,49.240002,131.5,156.25,177.320007,191.679993,118.489998,135.070007,139.770004,133.460007,36.119999,165.380005,72.5,155.199997,152.210007,52.310001,140.0,142.779999,104.470001,59.939999,56.23,140.429993,50.84,137.130005,132.710007,35.119999,76.379997,159.649994,122.389999,43.93,123.599998,125.800003,142.860001,171.580002,116.989998,77.839996,82.75,67.900002,57.18,10.32,24.67,129.610001,121.989998,116.459999,127.129997,131.789993,56.779999,114.410004,125.870003,115.93,85.580002,90.870003,119.0,98.519997,178.289993,64.57,112.849998,124.93,80.010002,81.739998,154.559998,68.07,114.199997,110.5,94.900002,109.790001,157.369995,152.399994,147.699997,113.839996,49.0,41.529999,89.480003,142.889999,120.080002,152.179993,179.279999,175.100006,146.970001,140.25,197.770004,165.080002,190.710007,155.0,137.100006,141.440002,153.809998,115.160004,95.790001,167.619995,171.580002,131.520004,55.869999,28.469999,53.880001,100.220001,62.5,158.220001,173.240005,128.759995,132.0,175.889999,160.020004,139.100006,130.860001,139.919998,78.260002,80.160004,28.690001,188.0,128.580002,112.440002,132.380005,103.860001,87.239998,118.459999,119.040001,69.230003,109.970001,130.0,99.93,84.470001,99.970001,108.830002,79.900002,94.279999,136.449997,128.990005,76.849998,1.41,-1.11,45.57,164.910004,166.660004,111.160004,116.019997,161.070007,142.610001,160.029999,145.619995,105.330002,129.190002,140.0,203.449997,206.479996,291.929993,249.289993,151.429993,132.210007,125.080002,166.729996,162.5,168.089996,139.149994,147.339996,126.800003,138.589996,172.770004,154.529999,166.039993,146.729996,195.550003,156.509995,151.899994,448.130005,185.619995,141.669998,185.800003,142.75,143.619995,68.769997,81.790001,0.0,9.18,154.800003,133.449997,145.0,134.979996,249.389999,160.339996,142.080002,156.509995,28.25,134.100006,130.0,160.070007,5.38,1.59,139.399994,1.14,100.0,131.850006,184.5,14.99,13.44,151.270004,1.56,-1.07,-0.46,159.940002,128.479996,48.75,7.8,33.900002,49.91,54.369999,127.330002,30.6,61.98,130.720001,120.889999,68.790001,44.110001,89.120003,152.919998,64.970001,31.73,15.12,11.64,59.169998,95.480003,98.220001,72.629997,84.790001,123.580002,124.470001,125.410004,73.360001,88.349998,121.080002,122.220001,141.0,89.050003,103.82,126.940002,132.350006,17.110001,30.08,21.950001,127.199997,143.779999,102.199997,160.199997,200.0,194.490005,170.210007,129.559998,126.07,151.050003,143.190002,149.929993,104.139999,103.029999,69.449997,80.760002,121.349998,106.459999,102.410004,122.970001,79.599998,10.74,13.63,19.209999,50.049999,68.529999,47.099998,40.490002,61.549999,20.360001,35.080002,49.419998,64.849998,39.5,30.76,71.089996,39.639999
19,49.23,153.0,149.619995,62.130001,163.990005,107.220001,66.980003,60.98,145.070007,105.639999,65.160004,74.080002,84.940002,51.529999,12.47,65.910004,60.139999,120.970001,145.649994,175.699997,134.509995,174.710007,203.529999,207.289993,150.0,110.279999,181.5,31.620001,28.530001,26.82,90.050003,97.650002,142.089996,101.209999,167.880005,124.110001,186.210007,199.029999,25.43,23.43,29.82,99.839996,37.02,187.860001,175.809998,120.099998,129.899994,34.610001,46.130001,96.379997,53.080002,170.0,91.040001,104.199997,52.619999,31.4,153.639999,174.490005,174.889999,158.839996,152.080002,38.060001,122.989998,156.389999,149.990005,113.349998,153.770004,135.100006,115.410004,106.029999,105.849998,43.84,99.25,105.260002,96.0,45.009998,144.149994,144.710007,107.980003,94.050003,34.52,91.589996,39.919998,57.389999,49.27,101.910004,132.0,114.919998,100.800003,40.93,43.970001,120.599998,142.940002,155.559998,164.979996,114.160004,135.0,137.309998,126.389999,26.18,141.389999,45.060001,150.979996,151.0,50.009998,135.0,134.25,84.650002,50.93,52.200001,96.099998,46.84,125.019997,93.300003,33.560001,76.309998,141.5,121.360001,41.360001,122.199997,121.720001,133.690002,132.25,110.699997,81.43,78.470001,66.010002,52.049999,5.79,30.84,115.559998,115.150002,113.480003,127.989998,124.07,48.529999,127.040001,117.18,105.019997,79.110001,88.82,112.800003,100.860001,149.830002,106.080002,110.0,113.080002,77.839996,83.82,125.769997,58.790001,103.43,101.309998,94.900002,102.599998,128.399994,126.529999,127.550003,105.0,44.57,34.990002,89.699997,116.93,115.0,139.910004,172.539993,170.389999,155.0,137.470001,178.479996,150.0,181.220001,147.179993,134.990005,150.720001,163.440002,82.529999,115.290001,159.100006,154.729996,130.740005,55.57,28.280001,51.169998,150.240005,55.959999,175.100006,139.539993,132.860001,134.100006,180.070007,131.759995,125.199997,137.889999,123.919998,74.830002,62.080002,33.009998,163.800003,123.870003,127.540001,124.989998,118.75,76.459999,113.989998,116.550003,72.040001,108.120003,121.779999,100.739998,75.279999,99.25,111.940002,74.379997,94.489998,128.949997,109.230003,77.150002,0.71,-1.12,53.09,144.490005,133.0,112.279999,120.0,130.860001,133.039993,136.100006,128.880005,92.800003,132.529999,139.539993,166.350006,166.300003,240.789993,187.639999,138.130005,135.020004,127.139999,142.399994,136.679993,134.399994,125.5,127.699997,115.190002,119.32,124.949997,121.949997,123.129997,118.0,132.080002,131.779999,131.570007,223.110001,136.619995,122.790001,133.339996,112.650002,117.489998,13.21,29.870001,-0.07,5.84,114.800003,114.589996,117.910004,105.0,136.339996,126.269997,107.82,128.259995,11.73,111.809998,115.160004,120.0,4.09,0.13,109.93,0.05,39.07,110.199997,132.75,4.76,9.68,129.360001,1.52,-1.16,-1.1,145.009995,119.720001,39.0,7.51,33.900002,50.18,38.75,104.019997,24.620001,114.190002,116.199997,100.050003,61.91,40.880001,80.650002,125.879997,53.150002,26.780001,12.1,11.26,50.099998,78.470001,84.790001,59.25,38.93,90.330002,113.510002,116.800003,46.560001,79.940002,109.900002,117.610001,128.410004,83.099998,88.650002,116.419998,124.790001,15.63,29.549999,20.5,121.129997,135.910004,97.489998,139.119995,161.0,153.929993,143.460007,122.519997,112.330002,124.489998,128.630005,129.910004,100.360001,94.900002,64.459999,78.050003,114.029999,94.410004,96.580002,109.279999,77.010002,4.95,12.4,17.200001,59.84,68.360001,40.970001,24.66,52.41,23.540001,33.459999,42.029999,54.73,36.689999,30.02,62.009998,34.889999
20,44.990002,141.669998,131.050003,57.259998,152.0,101.019997,59.990002,60.310001,134.619995,86.529999,60.009998,74.5,76.889999,43.68,20.790001,59.689999,53.73,119.900002,143.660004,166.369995,129.339996,166.399994,184.009995,175.449997,100.809998,106.529999,166.25,35.029999,25.98,25.99,84.120003,94.75,143.539993,100.480003,158.130005,121.830002,166.479996,188.179993,21.52,22.379999,30.84,98.199997,37.009998,168.919998,160.089996,112.07,131.139999,32.880001,29.67,94.57,49.900002,158.800003,57.139999,103.620003,33.869999,29.959999,141.639999,160.300003,158.270004,142.270004,157.559998,23.17,114.879997,149.860001,133.600006,112.389999,134.639999,125.089996,108.959999,103.419998,101.440002,42.18,63.790001,105.059998,88.5,25.040001,132.919998,135.270004,107.019997,66.720001,30.42,88.989998,38.09,41.84,40.869999,80.739998,125.010002,109.900002,80.769997,35.849998,39.610001,112.68,132.020004,141.190002,151.389999,109.0,136.320007,134.899994,115.0,14.98,130.800003,72.480003,134.039993,134.330002,46.889999,129.970001,122.82,69.669998,41.689999,40.720001,106.029999,43.150002,116.949997,60.84,20.34,67.300003,125.419998,112.879997,28.84,117.120003,117.900002,100.029999,120.949997,101.889999,78.120003,78.379997,66.75,40.299999,1.6,17.08,92.290001,98.75,109.559998,119.139999,110.589996,17.58,108.339996,109.610001,99.790001,76.709999,87.779999,104.239998,97.690002,114.639999,65.410004,99.5,100.029999,73.800003,78.550003,97.309998,56.900002,95.410004,92.559998,87.889999,99.0,101.040001,102.040001,105.82,96.580002,41.689999,24.040001,81.089996,107.0,105.0,119.769997,149.960007,152.039993,146.369995,137.470001,150.309998,138.0,155.0,134.339996,130.539993,130.460007,145.300003,75.690002,122.059998,140.0,141.809998,122.389999,55.119999,21.33,45.369999,144.600006,51.950001,137.570007,117.269997,129.720001,132.119995,162.919998,80.360001,126.010002,129.669998,95.25,70.169998,62.060001,12.6,139.259995,113.790001,113.790001,109.970001,106.43,27.469999,87.18,109.349998,72.010002,105.559998,111.089996,99.93,70.809998,95.260002,102.550003,65.699997,79.07,109.190002,99.080002,65.099998,0.01,-1.13,53.889999,115.489998,117.879997,108.050003,120.150002,110.989998,125.349998,119.900002,116.629997,86.510002,123.709999,126.709999,136.009995,145.800003,172.820007,159.270004,127.889999,122.980003,119.0,123.720001,122.080002,119.489998,106.029999,118.559998,105.639999,109.830002,105.010002,107.610001,105.5,101.400002,113.93,110.900002,113.93,147.830002,115.550003,106.410004,114.139999,102.040001,105.029999,12.23,27.139999,-0.49,2.68,100.099998,105.93,106.919998,37.049999,122.910004,108.059998,96.379997,118.419998,2.94,99.589996,106.620003,107.029999,2.69,0.0,100.980003,-0.09,27.549999,104.419998,120.0,1.82,5.9,123.5,0.01,-1.17,-1.16,135.199997,108.480003,12.18,6.05,33.900002,48.75,24.940001,107.949997,22.370001,102.540001,105.139999,96.839996,58.540001,34.279999,90.080002,115.919998,31.68,23.049999,10.01,10.15,51.549999,68.120003,80.860001,51.07,37.130001,90.330002,102.580002,107.330002,42.959999,70.059998,97.5,111.260002,120.330002,77.980003,84.379997,103.589996,110.519997,15.28,27.5,19.790001,114.830002,122.410004,91.529999,125.449997,139.009995,132.720001,125.129997,114.830002,101.949997,108.459999,117.830002,115.68,97.0,82.440002,60.41,77.139999,99.239998,88.480003,90.879997,96.199997,75.699997,2.22,11.43,15.21,49.91,63.669998,33.150002,25.530001,42.59,20.67,34.119999,40.759998,24.74,33.619999,28.129999,55.139999,29.6
21,45.959999,131.669998,114.269997,37.939999,144.639999,74.25,48.799999,69.400002,83.839996,79.349998,49.91,66.839996,76.510002,40.049999,31.040001,51.240002,47.419998,117.510002,119.0,163.100006,107.870003,157.350006,172.089996,137.529999,100.779999,69.010002,155.119995,43.529999,25.08,21.24,81.980003,86.419998,130.149994,98.129997,131.619995,125.209999,152.5,173.339996,19.809999,21.41,30.059999,94.5,22.43,160.970001,151.029999,103.300003,86.510002,29.790001,29.24,69.739998,46.330002,153.199997,34.169998,90.0,29.530001,29.440001,138.289993,153.460007,153.779999,142.050003,144.910004,22.370001,112.529999,141.5,120.650002,68.040001,128.820007,123.82,99.989998,101.190002,92.589996,34.599998,54.34,81.669998,47.669998,25.01,129.949997,132.899994,103.43,43.959999,24.219999,41.82,33.849998,38.91,39.110001,46.009998,110.389999,94.800003,60.029999,30.040001,34.169998,109.120003,113.120003,129.929993,139.130005,88.150002,126.07,126.980003,106.940002,1.58,111.0,17.469999,120.099998,82.610001,43.66,125.349998,109.160004,56.619999,35.779999,32.599998,99.059998,37.720001,109.599998,45.889999,10.16,45.049999,101.540001,93.18,25.48,108.709999,79.110001,80.599998,114.730003,89.559998,72.650002,73.150002,61.650002,29.33,0.01,1.98,34.540001,85.739998,102.449997,107.919998,93.790001,0.1,100.470001,98.760002,85.779999,71.260002,76.910004,84.480003,65.730003,84.730003,59.32,92.5,94.709999,69.5,72.959999,89.650002,57.119999,86.529999,85.059998,81.169998,86.980003,88.980003,89.989998,94.900002,91.0,24.58,17.530001,76.68,98.099998,98.379997,108.870003,125.019997,138.690002,136.649994,117.620003,135.130005,120.269997,134.880005,120.870003,122.220001,118.309998,119.010002,72.809998,113.379997,121.099998,121.110001,109.470001,45.34,16.83,36.950001,124.089996,46.029999,118.980003,101.559998,115.919998,119.599998,133.699997,46.490002,113.910004,117.720001,80.940002,63.720001,61.459999,8.77,111.760002,100.589996,109.400002,96.769997,98.489998,25.200001,67.949997,98.5,69.169998,98.879997,101.529999,92.18,69.830002,87.629997,92.779999,38.57,51.040001,98.489998,87.339996,55.400002,-0.18,-1.96,52.279999,101.290001,103.779999,101.660004,114.089996,101.059998,103.800003,99.989998,107.300003,69.989998,112.540001,111.949997,115.0,127.599998,138.669998,130.089996,107.889999,110.629997,102.989998,107.940002,102.809998,101.589996,96.889999,114.650002,97.339996,101.169998,95.559998,96.029999,95.720001,88.910004,105.980003,103.160004,100.860001,119.940002,93.769997,98.07,99.370003,95.769997,99.900002,11.88,25.709999,-1.11,1.3,94.75,103.059998,100.400002,1.85,110.169998,74.580002,82.190002,111.029999,0.16,97.779999,99.970001,100.0,0.73,-0.31,94.580002,-1.17,27.26,96.339996,112.699997,0.72,4.86,109.839996,-0.81,-1.18,-1.17,119.220001,95.139999,6.81,4.25,32.98,40.150002,19.030001,92.760002,20.610001,87.620003,64.809998,93.699997,47.48,30.299999,84.400002,104.919998,19.110001,20.950001,4.96,7.81,26.85,44.959999,62.200001,39.900002,33.18,90.309998,92.379997,100.139999,37.310001,62.009998,91.660004,106.669998,118.139999,73.760002,88.050003,104.699997,110.910004,12.74,18.719999,19.719999,115.300003,118.989998,83.43,116.839996,128.5,124.470001,118.400002,109.879997,99.089996,102.690002,111.550003,107.330002,96.419998,73.220001,56.84,78.019997,96.480003,85.419998,92.349998,94.459999,60.799999,0.03,6.72,12.66,30.040001,59.950001,28.77,30.41,35.619999,15.89,34.709999,37.91,16.99,26.24,25.34,50.099998,28.67
22,35.0,118.059998,93.660004,30.82,127.0,94.800003,35.900002,48.889999,80.589996,44.91,43.32,42.490002,68.300003,35.32,32.380001,46.52,43.34,111.459999,106.209999,147.550003,89.919998,148.300003,157.009995,128.699997,62.07,61.080002,146.0,31.1,18.34,10.0,68.830002,78.589996,103.93,107.800003,108.029999,126.459999,154.0,163.070007,13.93,20.07,30.01,94.839996,16.16,150.119995,141.729996,93.410004,63.549999,22.219999,29.379999,57.200001,43.0,142.580002,28.74,73.309998,27.969999,29.35,132.979996,149.460007,142.139999,131.509995,139.899994,21.559999,108.970001,125.480003,108.580002,57.419998,119.0,109.699997,85.489998,89.900002,65.019997,23.32,50.580002,72.910004,42.84,19.08,118.459999,130.0,117.040001,42.939999,21.4,37.189999,29.629999,33.360001,42.130001,28.85,95.190002,89.709999,37.240002,39.580002,44.580002,108.529999,110.849998,127.510002,135.539993,59.52,75.18,127.989998,98.209999,1.49,97.599998,17.49,118.089996,123.900002,55.209999,114.75,105.309998,65.669998,39.48,35.029999,99.040001,37.150002,87.699997,58.560001,40.099998,95.800003,102.029999,91.199997,28.25,109.900002,91.239998,10.61,100.129997,81.889999,67.989998,61.349998,56.259998,19.23,0.23,58.73,79.080002,102.389999,102.370003,119.040001,75.589996,0.01,100.589996,93.019997,78.739998,50.950001,71.940002,70.540001,66.300003,65.779999,62.939999,89.690002,87.089996,59.23,75.019997,85.919998,52.619999,81.580002,84.949997,81.120003,78.709999,80.230003,93.559998,93.93,95.0,20.76,19.98,80.099998,89.110001,96.279999,107.120003,126.160004,130.809998,128.600006,100.019997,121.190002,119.699997,132.949997,103.800003,117.339996,121.059998,116.239998,74.849998,81.809998,119.459999,115.529999,109.739998,16.450001,21.5,22.700001,122.940002,40.540001,114.0,100.269997,109.440002,112.489998,124.410004,32.369999,104.919998,101.0,71.07,56.830002,26.459999,6.93,108.110001,98.129997,99.900002,97.269997,87.300003,21.610001,96.0,26.219999,69.099998,88.629997,103.089996,84.5,52.259998,68.010002,89.379997,19.969999,90.139999,101.550003,89.099998,0.1,-4.28,-1.13,13.4,111.309998,103.540001,90.099998,98.010002,99.599998,106.790001,104.879997,105.089996,18.85,113.989998,111.949997,113.690002,123.889999,133.820007,105.239998,109.900002,102.389999,93.309998,103.089996,100.120003,96.309998,98.900002,107.459999,76.43,100.849998,94.480003,88.889999,95.419998,84.620003,105.199997,105.849998,105.0,106.360001,106.449997,96.300003,100.889999,96.239998,108.989998,9.51,-0.01,-1.1,0.59,88.309998,109.040001,98.709999,0.24,114.160004,105.510002,2.2,108.5,0.01,102.730003,94.900002,97.580002,0.13,0.0,87.389999,-2.14,28.889999,91.110001,104.0,2.82,1.51,123.989998,-1.16,-1.18,-1.14,127.580002,15.31,4.04,6.44,7.26,39.369999,29.68,101.330002,20.83,20.33,104.559998,75.019997,34.330002,24.59,89.010002,95.370003,16.950001,23.6,2.42,6.05,21.629999,35.09,47.400002,30.68,28.459999,90.309998,87.410004,88.019997,30.01,53.970001,84.209999,84.419998,111.879997,59.099998,80.050003,94.629997,98.040001,11.88,10.04,19.02,103.0,102.440002,80.739998,109.410004,114.269997,113.559998,108.129997,106.010002,91.120003,94.790001,103.279999,100.440002,87.080002,70.709999,46.18,69.160004,86.82,79.400002,84.25,85.57,69.470001,0.01,5.98,10.08,11.35,48.880001,18.209999,12.0,36.09,15.88,33.560001,34.0,6.77,15.29,19.35,43.23,26.870001
23,57.91,78.809998,82.879997,30.030001,107.209999,71.669998,24.440001,75.129997,106.019997,42.029999,19.879999,32.639999,49.709999,27.4,35.349998,47.130001,39.849998,83.559998,146.889999,144.130005,79.400002,148.960007,164.850006,124.720001,62.09,78.559998,139.899994,29.76,13.09,25.360001,75.68,74.300003,108.300003,70.360001,111.290001,145.0,145.720001,160.039993,12.03,18.32,32.459999,129.720001,17.09,135.619995,134.809998,91.019997,104.089996,27.459999,41.029999,53.630001,45.009998,139.899994,40.080002,59.939999,25.219999,32.330002,122.830002,134.0,133.080002,125.82,140.300003,24.809999,107.529999,134.5,100.949997,73.610001,113.660004,102.889999,70.220001,64.830002,49.84,9.57,59.830002,32.98,33.91,93.610001,110.029999,124.0,120.790001,35.400002,9.9,33.310001,23.610001,39.66,40.310001,29.280001,92.150002,82.25,40.080002,36.619999,43.669998,107.68,110.0,118.260002,124.120003,60.0,45.049999,117.860001,81.849998,0.99,86.230003,22.049999,112.800003,112.0,55.5,111.139999,102.07,60.049999,36.939999,38.970001,95.190002,36.389999,83.580002,50.27,39.48,90.860001,92.970001,91.190002,27.879999,79.089996,65.18,7.48,95.239998,77.050003,63.889999,61.779999,55.110001,18.969999,0.01,24.59,84.230003,97.400002,98.18,107.610001,71.339996,-0.11,91.610001,83.199997,74.0,39.080002,66.650002,65.709999,66.010002,61.540001,61.860001,83.529999,84.0,53.900002,71.050003,81.419998,52.220001,77.489998,80.300003,74.900002,71.099998,79.370003,89.830002,89.260002,89.699997,20.290001,50.310001,76.309998,82.779999,88.68,102.769997,121.620003,122.800003,118.389999,93.720001,110.720001,110.790001,123.519997,95.199997,109.720001,113.0,104.910004,74.330002,76.519997,110.059998,103.400002,99.5,3.17,19.969999,21.530001,108.75,37.299999,103.379997,92.139999,101.739998,102.0,115.739998,26.52,85.660004,96.360001,51.939999,18.540001,36.720001,6.03,101.0,94.349998,93.669998,98.419998,79.269997,21.35,43.07,67.720001,67.290001,79.589996,94.480003,74.900002,35.060001,58.860001,77.540001,9.51,63.18,94.900002,88.089996,0.0,-6.03,-1.12,37.029999,106.389999,98.199997,84.599998,89.629997,92.650002,97.449997,98.379997,99.82,42.869999,110.589996,101.669998,104.940002,112.669998,124.949997,96.339996,104.099998,98.309998,88.519997,96.970001,98.599998,91.760002,95.970001,102.699997,75.900002,94.489998,92.129997,85.519997,91.370003,81.519997,102.470001,104.330002,97.379997,105.139999,99.900002,94.879997,97.010002,94.019997,105.349998,8.85,-0.2,-1.16,0.11,87.160004,101.43,87.239998,-0.01,107.989998,102.0,1.98,97.93,0.01,94.139999,93.169998,94.610001,0.01,-0.03,54.630001,-2.62,27.98,87.449997,100.599998,1.06,0.13,115.0,-1.93,-1.2,-1.15,114.040001,7.27,2.91,6.23,6.34,30.360001,24.67,97.209999,21.440001,19.190001,97.330002,68.610001,27.190001,18.559999,86.050003,23.530001,20.190001,15.17,45.720001,8.5,19.0,40.310001,39.91,33.27,56.970001,87.300003,89.540001,91.260002,36.810001,81.099998,85.459999,97.099998,110.559998,47.860001,69.980003,99.970001,98.0,5.04,1.48,28.040001,111.099998,99.260002,51.02,98.43,104.790001,106.589996,105.220001,108.300003,96.169998,93.760002,97.309998,99.199997,87.089996,95.0,41.720001,49.310001,88.050003,77.330002,77.339996,86.129997,43.650002,-1.1,10.33,8.06,16.5,44.43,15.33,9.99,29.27,15.85,30.629999,35.110001,15.84,15.06,20.84,44.869999,29.129999
